Begin Date,Begin Time,End Date,End Time,Alarm Tag,Alarm Id,Combine,Alarm Type,Alarm Priority,Description
5/12/2016,2:00:07,5/12/2016,2:01:57,AlarmRateRamp|10356,Q6,AlarmRateRamp|10356Q6,ALARM,N/A,Limit Signal 1
5/12/2016,2:00:26,5/12/2016,2:01:57,AlarmRateRamp|10356,Q1,AlarmRateRamp|10356Q1,WARNING,N/A,Limit Signal 2
5/12/2016,2:00:47,5/12/2016,2:01:57,AlarmRateRamp|10356,Q2,AlarmRateRamp|10356Q2,WARNING,N/A,Limit Signal 3
5/12/2016,2:01:07,5/12/2016,2:01:57,AlarmRateRamp|10356,Q3,AlarmRateRamp|10356Q3,TOLERANCE,N/A,Limit Signal 4
5/12/2016,2:01:27,5/12/2016,2:01:57,AlarmRateRamp|10356,Q4,AlarmRateRamp|10356Q4,I&C ALARM,N/A,Limit Signal 5
5/12/2016,2:01:47,5/12/2016,2:01:57,AlarmRateRamp|10357,Q5,AlarmRateRamp|10357Q5,MANUAL OPERATOR RESPONSE,N/A,Limit Signal 6
5/12/2016,2:01:59,5/12/2016,2:03:43,AlarmRateRamp|10358,Q6,AlarmRateRamp|10358Q6,ALARM,N/A,Limit Signal 1
5/12/2016,2:02:17,5/12/2016,2:03:43,AlarmRateRamp|10359,Q1,AlarmRateRamp|10359Q1,WARNING,N/A,Limit Signal 2
5/12/2016,2:02:36,5/12/2016,2:03:43,AlarmRateRamp|10360,Q2,AlarmRateRamp|10360Q2,WARNING,N/A,Limit Signal 3
5/12/2016,2:02:56,5/12/2016,2:03:43,AlarmRateRamp|10361,Q3,AlarmRateRamp|10361Q3,TOLERANCE,N/A,Limit Signal 4
5/12/2016,2:03:15,5/12/2016,2:03:43,AlarmRateRamp|10362,Q4,AlarmRateRamp|10362Q4,I&C ALARM,N/A,Limit Signal 5
5/12/2016,2:03:33,5/12/2016,2:03:43,AlarmRateRamp|10363,Q5,AlarmRateRamp|10363Q5,MANUAL OPERATOR RESPONSE,N/A,Limit Signal 6
5/12/2016,2:03:45,5/12/2016,2:05:24,AlarmRateRamp|10364,Q6,AlarmRateRamp|10364Q6,ALARM,N/A,Limit Signal 1
5/12/2016,2:04:02,5/12/2016,2:05:24,AlarmRateRamp|10365,Q1,AlarmRateRamp|10365Q1,WARNING,N/A,Limit Signal 2
5/12/2016,2:04:21,5/12/2016,2:05:24,AlarmRateRamp|10366,Q2,AlarmRateRamp|10366Q2,WARNING,N/A,Limit Signal 3
5/12/2016,2:04:39,5/12/2016,2:05:24,AlarmRateRamp|10367,Q3,AlarmRateRamp|10367Q3,TOLERANCE,N/A,Limit Signal 4
5/12/2016,2:04:57,5/12/2016,2:05:24,AlarmRateRamp|10368,Q4,AlarmRateRamp|10368Q4,I&C ALARM,N/A,Limit Signal 5
5/12/2016,2:05:15,5/12/2016,2:05:24,AlarmRateRamp|10369,Q5,AlarmRateRamp|10369Q5,MANUAL OPERATOR RESPONSE,N/A,Limit Signal 6
5/12/2016,2:05:26,5/12/2016,2:07:01,AlarmRateRamp|10370,Q6,AlarmRateRamp|10370Q6,ALARM,N/A,Limit Signal 1
5/12/2016,2:05:42,5/12/2016,2:07:01,AlarmRateRamp|10371,Q1,AlarmRateRamp|10371Q1,WARNING,N/A,Limit Signal 2
5/12/2016,2:06:00,5/12/2016,2:07:01,AlarmRateRamp|10372,Q2,AlarmRateRamp|10372Q2,WARNING,N/A,Limit Signal 3
5/12/2016,2:06:17,5/12/2016,2:07:01,AlarmRateRamp|10373,Q3,AlarmRateRamp|10373Q3,TOLERANCE,N/A,Limit Signal 4
5/12/2016,2:06:35,5/12/2016,2:07:01,AlarmRateRamp|10374,Q4,AlarmRateRamp|10374Q4,I&C ALARM,N/A,Limit Signal 5
5/12/2016,2:06:52,5/12/2016,2:07:01,AlarmRateRamp|10375,Q5,AlarmRateRamp|10375Q5,MANUAL OPERATOR RESPONSE,N/A,Limit Signal 6
5/12/2016,2:07:03,5/12/2016,2:08:34,AlarmRateRamp|10376,Q6,AlarmRateRamp|10376Q6,ALARM,N/A,Limit Signal 1
5/12/2016,2:07:19,5/12/2016,2:08:34,AlarmRateRamp|10377,Q1,AlarmRateRamp|10377Q1,WARNING,N/A,Limit Signal 2
5/12/2016,2:07:35,5/12/2016,2:08:34,BSMON10011,XA01,BSMON10011XA01,WARNING,N/A,Limit Signal 3
5/12/2016,2:07:52,5/12/2016,2:08:34,ASMON10021,XH01,ASMON10021XH01,TOLERANCE,N/A,Limit Signal 4
5/12/2016,2:08:09,5/12/2016,2:08:34,AlarmRateRamp|10356,Q6,AlarmRateRamp|10356Q6,I&C ALARM,N/A,Limit Signal 5
5/12/2016,2:08:25,5/12/2016,2:08:34,AlarmRateRamp|10356,Q1,AlarmRateRamp|10356Q1,MANUAL OPERATOR RESPONSE,N/A,Limit Signal 6
5/12/2016,2:08:36,5/12/2016,2:10:03,AlarmRateRamp|10356,Q2,AlarmRateRamp|10356Q2,ALARM,N/A,Limit Signal 1
5/12/2016,2:08:51,5/12/2016,2:10:03,AlarmRateRamp|10356,Q3,AlarmRateRamp|10356Q3,WARNING,N/A,Limit Signal 2
5/12/2016,2:09:07,5/12/2016,2:10:03,AlarmRateRamp|10356,Q4,AlarmRateRamp|10356Q4,WARNING,N/A,Limit Signal 3
5/12/2016,2:09:23,5/12/2016,2:10:03,AlarmRateRamp|10356,Q5,AlarmRateRamp|10356Q5,TOLERANCE,N/A,Limit Signal 4
5/12/2016,2:09:39,5/12/2016,2:10:03,AlarmRateRamp|10356,Q6,AlarmRateRamp|10356Q6,I&C ALARM,N/A,Limit Signal 5
5/12/2016,2:09:55,5/12/2016,2:10:03,AlarmRateRamp|10356,Q1,AlarmRateRamp|10356Q1,MANUAL OPERATOR RESPONSE,N/A,Limit Signal 6
5/12/2016,2:10:05,5/12/2016,2:11:29,AlarmRateRamp|10356,Q2,AlarmRateRamp|10356Q2,ALARM,N/A,Limit Signal 1
5/12/2016,2:10:19,5/12/2016,2:11:29,AlarmRateRamp|10356,Q3,AlarmRateRamp|10356Q3,WARNING,N/A,Limit Signal 2
5/12/2016,2:10:35,5/12/2016,2:11:29,AlarmRateRamp|10356,Q4,AlarmRateRamp|10356Q4,WARNING,N/A,Limit Signal 3
5/12/2016,2:10:51,5/12/2016,2:11:29,AlarmRateRamp|10356,Q5,AlarmRateRamp|10356Q5,TOLERANCE,N/A,Limit Signal 4
5/12/2016,2:11:06,5/12/2016,2:11:29,AlarmRateRamp|10356,Q6,AlarmRateRamp|10356Q6,I&C ALARM,N/A,Limit Signal 5
5/12/2016,2:11:21,5/12/2016,2:11:29,AlarmRateRamp|10356,Q1,AlarmRateRamp|10356Q1,MANUAL OPERATOR RESPONSE,N/A,Limit Signal 6
5/12/2016,2:11:31,5/12/2016,2:12:53,AlarmRateRamp|10356,Q2,AlarmRateRamp|10356Q2,ALARM,N/A,Limit Signal 1
5/12/2016,2:11:45,5/12/2016,2:12:53,AlarmRateRamp|10356,Q3,AlarmRateRamp|10356Q3,WARNING,N/A,Limit Signal 2
5/12/2016,2:12:00,5/12/2016,2:12:53,AlarmRateRamp|10356,Q4,AlarmRateRamp|10356Q4,WARNING,N/A,Limit Signal 3
5/12/2016,2:12:15,5/12/2016,2:12:53,AlarmRateRamp|10356,Q5,AlarmRateRamp|10356Q5,TOLERANCE,N/A,Limit Signal 4
5/12/2016,2:12:30,5/12/2016,2:12:53,AlarmRateRamp|10356,Q6,AlarmRateRamp|10356Q6,I&C ALARM,N/A,Limit Signal 5
5/12/2016,2:12:45,5/12/2016,2:12:53,AlarmRateRamp|10356,Q1,AlarmRateRamp|10356Q1,MANUAL OPERATOR RESPONSE,N/A,Limit Signal 6
5/12/2016,2:12:55,5/12/2016,2:14:14,BSMON10036,XH08,BSMON10036XH08,ALARM,N/A,Limit Signal 1
5/12/2016,2:13:08,5/12/2016,2:14:14,BSMON10037,XH09,BSMON10037XH09,WARNING,N/A,Limit Signal 2
5/12/2016,2:13:23,5/12/2016,2:14:14,BSMON10001,XA00_HW,BSMON10001XA00_HW,WARNING,N/A,Limit Signal 3
5/12/2016,2:13:38,5/12/2016,2:14:14,BSMON10039,XH11,BSMON10039XH11,TOLERANCE,N/A,Limit Signal 4
5/12/2016,2:13:52,5/12/2016,2:14:14,BSMON10040,XH12,BSMON10040XH12,I&C ALARM,N/A,Limit Signal 5
5/12/2016,2:14:07,5/12/2016,2:14:14,BSMON10041,XH13,BSMON10041XH13,MANUAL OPERATOR RESPONSE,N/A,Limit Signal 6
5/12/2016,2:14:16,5/12/2016,2:15:33,BSMON10042,XH14,BSMON10042XH14,ALARM,N/A,Limit Signal 1
5/12/2016,2:14:29,5/12/2016,2:15:33,BSMON10043,XH15,BSMON10043XH15,WARNING,N/A,Limit Signal 2
5/12/2016,2:14:43,5/12/2016,2:15:33,BSMON10044,XH16,BSMON10044XH16,WARNING,N/A,Limit Signal 3
5/12/2016,2:14:57,5/12/2016,2:15:33,BSMON10045,XH17,BSMON10045XH17,TOLERANCE,N/A,Limit Signal 4
5/12/2016,2:15:11,5/12/2016,2:15:33,BSMON10046,XH18,BSMON10046XH18,I&C ALARM,N/A,Limit Signal 5
5/12/2016,2:15:26,5/12/2016,2:15:33,AlarmRateRamp|10356,Q6,AlarmRateRamp|10356Q6,MANUAL OPERATOR RESPONSE,N/A,Limit Signal 6
5/12/2016,2:15:35,5/12/2016,2:16:50,AlarmRateRamp|10356,Q1,AlarmRateRamp|10356Q1,ALARM,N/A,Limit Signal 1
5/12/2016,2:15:47,5/12/2016,2:16:50,AlarmRateRamp|10356,Q2,AlarmRateRamp|10356Q2,WARNING,N/A,Limit Signal 2
5/12/2016,2:16:01,5/12/2016,2:16:50,AlarmRateRamp|10356,Q3,AlarmRateRamp|10356Q3,WARNING,N/A,Limit Signal 3
5/12/2016,2:16:15,5/12/2016,2:16:50,AlarmRateRamp|10356,Q4,AlarmRateRamp|10356Q4,TOLERANCE,N/A,Limit Signal 4
5/12/2016,2:16:29,5/12/2016,2:16:50,AlarmRateRamp|10356,Q5,AlarmRateRamp|10356Q5,I&C ALARM,N/A,Limit Signal 5
5/12/2016,2:16:43,5/12/2016,2:16:50,AlarmRateRamp|10356,Q6,AlarmRateRamp|10356Q6,MANUAL OPERATOR RESPONSE,N/A,Limit Signal 6
5/12/2016,2:16:52,5/12/2016,2:18:05,AlarmRateRamp|10356,Q1,AlarmRateRamp|10356Q1,ALARM,N/A,Limit Signal 1
5/12/2016,2:17:04,5/12/2016,2:18:05,AlarmRateRamp|10356,Q2,AlarmRateRamp|10356Q2,WARNING,N/A,Limit Signal 2
5/12/2016,2:17:18,5/12/2016,2:18:05,AlarmRateRamp|10356,Q3,AlarmRateRamp|10356Q3,WARNING,N/A,Limit Signal 3
5/12/2016,2:17:31,5/12/2016,2:18:05,AlarmRateRamp|10356,Q4,AlarmRateRamp|10356Q4,TOLERANCE,N/A,Limit Signal 4
5/12/2016,2:17:44,5/12/2016,2:18:05,AlarmRateRamp|10356,Q5,AlarmRateRamp|10356Q5,I&C ALARM,N/A,Limit Signal 5
5/12/2016,2:17:58,5/12/2016,2:18:05,AlarmRateRamp|10356,Q6,AlarmRateRamp|10356Q6,MANUAL OPERATOR RESPONSE,N/A,Limit Signal 6
5/12/2016,2:18:07,5/12/2016,2:19:18,AlarmRateRamp|10356,Q1,AlarmRateRamp|10356Q1,ALARM,N/A,Limit Signal 1
5/12/2016,2:18:19,5/12/2016,2:19:18,AlarmRateRamp|10356,Q2,AlarmRateRamp|10356Q2,WARNING,N/A,Limit Signal 2
5/12/2016,2:18:32,5/12/2016,2:19:18,AlarmRateRamp|10356,Q3,AlarmRateRamp|10356Q3,WARNING,N/A,Limit Signal 3
5/12/2016,2:18:45,5/12/2016,2:19:18,AlarmRateRamp|10356,Q4,AlarmRateRamp|10356Q4,TOLERANCE,N/A,Limit Signal 4
5/12/2016,2:18:58,5/12/2016,2:19:18,AlarmRateRamp|10356,Q5,AlarmRateRamp|10356Q5,I&C ALARM,N/A,Limit Signal 5
5/12/2016,2:19:11,5/12/2016,2:19:18,AlarmRateRamp|10356,Q6,AlarmRateRamp|10356Q6,MANUAL OPERATOR RESPONSE,N/A,Limit Signal 6
5/12/2016,2:19:20,5/12/2016,2:20:29,AlarmRateRamp|10256,Q1,AlarmRateRamp|10256Q1,ALARM,N/A,Limit Signal 1
5/12/2016,2:19:31,5/12/2016,2:20:29,AlarmRateRamp|10257,Q1,AlarmRateRamp|10257Q1,WARNING,N/A,Limit Signal 2
5/12/2016,2:19:44,5/12/2016,2:20:29,AlarmRateRamp|10258,Q1,AlarmRateRamp|10258Q1,WARNING,N/A,Limit Signal 3
5/12/2016,2:19:57,5/12/2016,2:20:29,AlarmRateRamp|10259,Q1,AlarmRateRamp|10259Q1,TOLERANCE,N/A,Limit Signal 4
5/12/2016,2:20:10,5/12/2016,2:20:29,AlarmRateRamp|10260,Q1,AlarmRateRamp|10260Q1,I&C ALARM,N/A,Limit Signal 5
5/12/2016,2:20:23,5/12/2016,2:20:29,ASMON10002,XA01,ASMON10002XA01,MANUAL OPERATOR RESPONSE,N/A,Limit Signal 6
5/12/2016,2:20:31,5/12/2016,2:21:39,ASMON10003,XA02,ASMON10003XA02,ALARM,N/A,Limit Signal 1
5/12/2016,2:20:42,5/12/2016,2:21:39,ASMON10004,XH01,ASMON10004XH01,WARNING,N/A,Limit Signal 2
5/12/2016,2:20:55,5/12/2016,2:21:39,ASMON10005,XH03,ASMON10005XH03,WARNING,N/A,Limit Signal 3
5/12/2016,2:21:07,5/12/2016,2:21:39,ASMON10003,XA02,ASMON10003XA02,TOLERANCE,N/A,Limit Signal 4
5/12/2016,2:21:20,5/12/2016,2:21:39,ASMON10007,XH52,ASMON10007XH52,I&C ALARM,N/A,Limit Signal 5
5/12/2016,2:21:32,5/12/2016,2:21:39,ASMON10008,XM23,ASMON10008XM23,MANUAL OPERATOR RESPONSE,N/A,Limit Signal 6
5/12/2016,2:21:41,5/12/2016,2:22:47,ASMON10009,XQ01,ASMON10009XQ01,ALARM,N/A,Limit Signal 1
5/12/2016,2:21:52,5/12/2016,2:22:47,AlarmRateRamp|10356,Q6,AlarmRateRamp|10356Q6,WARNING,N/A,Limit Signal 2
5/12/2016,2:22:04,5/12/2016,2:22:47,AlarmRateRamp|10356,Q1,AlarmRateRamp|10356Q1,WARNING,N/A,Limit Signal 3
5/12/2016,2:22:16,5/12/2016,2:22:47,AlarmRateRamp|10356,Q2,AlarmRateRamp|10356Q2,TOLERANCE,N/A,Limit Signal 4
5/12/2016,2:22:29,5/12/2016,2:22:47,AlarmRateRamp|10356,Q3,AlarmRateRamp|10356Q3,I&C ALARM,N/A,Limit Signal 5
5/12/2016,2:22:41,5/12/2016,2:22:47,AlarmRateRamp|10356,Q4,AlarmRateRamp|10356Q4,MANUAL OPERATOR RESPONSE,N/A,Limit Signal 6
5/12/2016,2:22:49,5/12/2016,2:23:54,AlarmRateRamp|10356,Q5,AlarmRateRamp|10356Q5,ALARM,N/A,Limit Signal 1
5/12/2016,2:23:00,5/12/2016,2:23:54,AlarmRateRamp|10356,Q6,AlarmRateRamp|10356Q6,WARNING,N/A,Limit Signal 2
5/12/2016,2:23:12,5/12/2016,2:23:54,AlarmRateRamp|10356,Q1,AlarmRateRamp|10356Q1,WARNING,N/A,Limit Signal 3
5/12/2016,2:23:24,5/12/2016,2:23:54,AlarmRateRamp|10356,Q2,AlarmRateRamp|10356Q2,TOLERANCE,N/A,Limit Signal 4
5/12/2016,2:23:36,5/12/2016,2:23:54,AlarmRateRamp|10356,Q3,AlarmRateRamp|10356Q3,I&C ALARM,N/A,Limit Signal 5
5/12/2016,2:23:48,5/12/2016,2:23:54,AlarmRateRamp|10356,Q4,AlarmRateRamp|10356Q4,MANUAL OPERATOR RESPONSE,N/A,Limit Signal 6
5/12/2016,2:23:56,5/12/2016,2:25:00,AlarmRateRamp|10356,Q5,AlarmRateRamp|10356Q5,ALARM,N/A,Limit Signal 1
5/12/2016,2:24:06,5/12/2016,2:25:00,AlarmRateRamp|10356,Q6,AlarmRateRamp|10356Q6,WARNING,N/A,Limit Signal 2
5/12/2016,2:24:18,5/12/2016,2:25:00,AlarmRateRamp|10356,Q1,AlarmRateRamp|10356Q1,WARNING,N/A,Limit Signal 3
5/12/2016,2:24:30,5/12/2016,2:25:00,AlarmRateRamp|10356,Q2,AlarmRateRamp|10356Q2,TOLERANCE,N/A,Limit Signal 4
5/12/2016,2:24:42,5/12/2016,2:25:00,AlarmRateRamp|10356,Q3,AlarmRateRamp|10356Q3,I&C ALARM,N/A,Limit Signal 5
5/12/2016,2:24:53,5/12/2016,2:25:00,AlarmRateRamp|10356,Q6,AlarmRateRamp|10356Q6,MANUAL OPERATOR RESPONSE,N/A,Limit Signal 6
5/12/2016,2:25:02,5/12/2016,2:26:04,AlarmRateRamp|10356,Q1,AlarmRateRamp|10356Q1,ALARM,N/A,Limit Signal 1
5/12/2016,2:25:12,5/12/2016,2:26:04,AlarmRateRamp|10356,Q2,AlarmRateRamp|10356Q2,WARNING,N/A,Limit Signal 2
5/12/2016,2:25:24,5/12/2016,2:26:04,AlarmRateRamp|10356,Q3,AlarmRateRamp|10356Q3,WARNING,N/A,Limit Signal 3
5/12/2016,2:25:35,5/12/2016,2:26:04,AlarmRateRamp|10356,Q4,AlarmRateRamp|10356Q4,TOLERANCE,N/A,Limit Signal 4
5/12/2016,2:25:47,5/12/2016,2:26:04,AlarmRateRamp|10356,Q5,AlarmRateRamp|10356Q5,I&C ALARM,N/A,Limit Signal 5
5/12/2016,2:25:58,5/12/2016,2:26:04,AlarmRateRamp|10356,Q6,AlarmRateRamp|10356Q6,MANUAL OPERATOR RESPONSE,N/A,Limit Signal 6
5/12/2016,2:26:06,5/12/2016,2:27:07,AlarmRateRamp|10356,Q1,AlarmRateRamp|10356Q1,ALARM,N/A,Limit Signal 1
5/12/2016,2:26:16,5/12/2016,2:27:07,AlarmRateRamp|10356,Q2,AlarmRateRamp|10356Q2,WARNING,N/A,Limit Signal 2
5/12/2016,2:26:27,5/12/2016,2:27:07,AlarmRateRamp|10356,Q3,AlarmRateRamp|10356Q3,WARNING,N/A,Limit Signal 3
5/12/2016,2:26:39,5/12/2016,2:27:07,AlarmRateRamp|10356,Q4,AlarmRateRamp|10356Q4,TOLERANCE,N/A,Limit Signal 4
5/12/2016,2:26:50,5/12/2016,2:27:07,AlarmRateRamp|10356,Q5,AlarmRateRamp|10356Q5,I&C ALARM,N/A,Limit Signal 5
5/12/2016,2:27:01,5/12/2016,2:27:07,AlarmRateRamp|10356,Q6,AlarmRateRamp|10356Q6,MANUAL OPERATOR RESPONSE,N/A,Limit Signal 6
5/12/2016,2:27:09,5/12/2016,2:28:09,AlarmRateRamp|10356,Q1,AlarmRateRamp|10356Q1,ALARM,N/A,Limit Signal 1
5/12/2016,2:27:19,5/12/2016,2:28:09,AlarmRateRamp|10356,Q2,AlarmRateRamp|10356Q2,WARNING,N/A,Limit Signal 2
5/12/2016,2:27:30,5/12/2016,2:28:09,AlarmRateRamp|10356,Q3,AlarmRateRamp|10356Q3,WARNING,N/A,Limit Signal 3
5/12/2016,2:27:41,5/12/2016,2:28:09,AlarmRateRamp|10356,Q4,AlarmRateRamp|10356Q4,TOLERANCE,N/A,Limit Signal 4
5/12/2016,2:27:52,5/12/2016,2:28:09,AlarmRateRamp|10356,Q5,AlarmRateRamp|10356Q5,I&C ALARM,N/A,Limit Signal 5
5/12/2016,2:28:03,5/12/2016,2:28:09,AlarmRateRamp|10356,Q6,AlarmRateRamp|10356Q6,MANUAL OPERATOR RESPONSE,N/A,Limit Signal 6
5/12/2016,2:28:11,5/12/2016,2:29:10,AlarmRateRamp|10356,Q1,AlarmRateRamp|10356Q1,ALARM,N/A,Limit Signal 1
5/12/2016,2:28:21,5/12/2016,2:29:10,BSMON10040,XH12,BSMON10040XH12,WARNING,N/A,Limit Signal 2
5/12/2016,2:28:32,5/12/2016,2:29:10,ASMON10008,XM23,ASMON10008XM23,WARNING,N/A,Limit Signal 3
5/12/2016,2:28:42,5/12/2016,2:29:10,ASMON10005,XH03,ASMON10005XH03,TOLERANCE,N/A,Limit Signal 4
5/12/2016,2:28:53,5/12/2016,2:29:10,ASMON10005,XH03,ASMON10005XH03,I&C ALARM,N/A,Limit Signal 5
5/12/2016,2:29:04,5/12/2016,2:29:10,ASMON10005,XH03,ASMON10005XH03,MANUAL OPERATOR RESPONSE,N/A,Limit Signal 6
5/12/2016,2:29:11,5/12/2016,2:30:10,AlarmRateRamp|10356,Q6,AlarmRateRamp|10356Q6,ALARM,N/A,Limit Signal 1
5/12/2016,2:29:21,5/12/2016,2:30:10,AlarmRateRamp|10356,Q1,AlarmRateRamp|10356Q1,WARNING,N/A,Limit Signal 2
5/12/2016,2:29:32,5/12/2016,2:30:10,AlarmRateRamp|10356,Q2,AlarmRateRamp|10356Q2,WARNING,N/A,Limit Signal 3
5/12/2016,2:29:43,5/12/2016,2:30:10,AlarmRateRamp|10356,Q3,AlarmRateRamp|10356Q3,TOLERANCE,N/A,Limit Signal 4
5/12/2016,2:29:54,5/12/2016,2:30:10,AlarmRateRamp|10356,Q4,AlarmRateRamp|10356Q4,I&C ALARM,N/A,Limit Signal 5
5/12/2016,2:30:04,5/12/2016,2:30:10,AlarmRateRamp|10356,Q5,AlarmRateRamp|10356Q5,MANUAL OPERATOR RESPONSE,N/A,Limit Signal 6
5/12/2016,2:30:11,5/12/2016,2:31:09,AlarmRateRamp|10356,Q6,AlarmRateRamp|10356Q6,ALARM,N/A,Limit Signal 1
5/12/2016,2:30:21,5/12/2016,2:31:09,AlarmRateRamp|10356,Q1,AlarmRateRamp|10356Q1,WARNING,N/A,Limit Signal 2
5/12/2016,2:30:32,5/12/2016,2:31:09,AlarmRateRamp|10356,Q2,AlarmRateRamp|10356Q2,WARNING,N/A,Limit Signal 3
5/12/2016,2:30:42,5/12/2016,2:31:09,AlarmRateRamp|10356,Q3,AlarmRateRamp|10356Q3,TOLERANCE,N/A,Limit Signal 4
5/12/2016,2:30:53,5/12/2016,2:31:09,AlarmRateRamp|10356,Q4,AlarmRateRamp|10356Q4,I&C ALARM,N/A,Limit Signal 5
5/12/2016,2:31:04,5/12/2016,2:31:09,AlarmRateRamp|10356,Q5,AlarmRateRamp|10356Q5,MANUAL OPERATOR RESPONSE,N/A,Limit Signal 6
5/12/2016,2:31:10,5/12/2016,2:32:07,AlarmRateRamp|10356,Q6,AlarmRateRamp|10356Q6,ALARM,N/A,Limit Signal 1
5/12/2016,2:31:20,5/12/2016,2:32:07,AlarmRateRamp|10356,Q1,AlarmRateRamp|10356Q1,WARNING,N/A,Limit Signal 2
5/12/2016,2:31:30,5/12/2016,2:32:07,AlarmRateRamp|10356,Q2,AlarmRateRamp|10356Q2,WARNING,N/A,Limit Signal 3
5/12/2016,2:31:41,5/12/2016,2:32:07,AlarmRateRamp|10356,Q3,AlarmRateRamp|10356Q3,TOLERANCE,N/A,Limit Signal 4
5/12/2016,2:31:51,5/12/2016,2:32:07,AlarmRateRamp|10356,Q4,AlarmRateRamp|10356Q4,I&C ALARM,N/A,Limit Signal 5
5/12/2016,2:32:02,5/12/2016,2:32:07,AlarmRateRamp|10356,Q5,AlarmRateRamp|10356Q5,MANUAL OPERATOR RESPONSE,N/A,Limit Signal 6
5/12/2016,2:32:08,5/12/2016,2:33:05,AlarmRateRamp|10356,Q6,AlarmRateRamp|10356Q6,ALARM,N/A,Limit Signal 1
5/12/2016,2:32:18,5/12/2016,2:33:05,AlarmRateRamp|10356,Q1,AlarmRateRamp|10356Q1,WARNING,N/A,Limit Signal 2
5/12/2016,2:32:28,5/12/2016,2:33:05,AlarmRateRamp|10361,XH07,AlarmRateRamp|10361XH07,WARNING,N/A,Limit Signal 3
5/12/2016,2:32:38,5/12/2016,2:33:05,AlarmRateRamp|10362,Q5,AlarmRateRamp|10362Q5,TOLERANCE,N/A,Limit Signal 4
5/12/2016,2:32:49,5/12/2016,2:33:05,AlarmRateRamp|10363,XH08,AlarmRateRamp|10363XH08,I&C ALARM,N/A,Limit Signal 5
5/12/2016,2:32:59,5/12/2016,2:33:05,AlarmRateRamp|10364,Q6,AlarmRateRamp|10364Q6,MANUAL OPERATOR RESPONSE,N/A,Limit Signal 6
5/12/2016,2:33:06,5/12/2016,2:34:02,AlarmRateRamp|10365,XH09,AlarmRateRamp|10365XH09,ALARM,N/A,Limit Signal 1
5/12/2016,2:33:16,5/12/2016,2:34:02,AlarmRateRamp|10366,Q1,AlarmRateRamp|10366Q1,WARNING,N/A,Limit Signal 2
5/12/2016,2:33:26,5/12/2016,2:34:02,AlarmRateRamp|10367,XA00_HW,AlarmRateRamp|10367XA00_HW,WARNING,N/A,Limit Signal 3
5/12/2016,2:33:36,5/12/2016,2:34:02,AlarmRateRamp|10368,Q2,AlarmRateRamp|10368Q2,TOLERANCE,N/A,Limit Signal 4
5/12/2016,2:33:46,5/12/2016,2:34:02,AlarmRateRamp|10369,XH11,AlarmRateRamp|10369XH11,I&C ALARM,N/A,Limit Signal 5
5/12/2016,2:33:56,5/12/2016,2:34:02,AlarmRateRamp|10370,Q3,AlarmRateRamp|10370Q3,MANUAL OPERATOR RESPONSE,N/A,Limit Signal 6
5/12/2016,2:34:03,5/12/2016,2:34:58,AlarmRateRamp|10371,XH12,AlarmRateRamp|10371XH12,ALARM,N/A,Limit Signal 1
5/12/2016,2:34:13,5/12/2016,2:34:58,AlarmRateRamp|10372,Q4,AlarmRateRamp|10372Q4,WARNING,N/A,Limit Signal 2
5/12/2016,2:34:23,5/12/2016,2:34:58,AlarmRateRamp|10373,XH13,AlarmRateRamp|10373XH13,WARNING,N/A,Limit Signal 3
5/12/2016,2:34:33,5/12/2016,2:34:58,AlarmRateRamp|10374,Q5,AlarmRateRamp|10374Q5,TOLERANCE,N/A,Limit Signal 4
5/12/2016,2:34:43,5/12/2016,2:34:58,AlarmRateRamp|10375,XH14,AlarmRateRamp|10375XH14,I&C ALARM,N/A,Limit Signal 5
5/12/2016,2:34:52,5/12/2016,2:34:58,AlarmRateRamp|10376,Q6,AlarmRateRamp|10376Q6,MANUAL OPERATOR RESPONSE,N/A,Limit Signal 6
5/12/2016,2:34:59,5/12/2016,2:35:53,AlarmRateRamp|10377,XH03,AlarmRateRamp|10377XH03,ALARM,N/A,Limit Signal 1
5/12/2016,2:35:08,5/12/2016,2:35:53,AlarmRateRamp|10378,Q1,AlarmRateRamp|10378Q1,WARNING,N/A,Limit Signal 2
5/12/2016,2:35:18,5/12/2016,2:35:53,AlarmRateRamp|10379,XH03,AlarmRateRamp|10379XH03,WARNING,N/A,Limit Signal 3
5/12/2016,2:35:28,5/12/2016,2:35:53,AlarmRateRamp|10380,Q2,AlarmRateRamp|10380Q2,TOLERANCE,N/A,Limit Signal 4
5/12/2016,2:35:38,5/12/2016,2:35:53,AlarmRateRamp|10381,XH03,AlarmRateRamp|10381XH03,I&C ALARM,N/A,Limit Signal 5
5/12/2016,2:35:48,5/12/2016,2:35:53,AlarmRateRamp|10382,Q3,AlarmRateRamp|10382Q3,MANUAL OPERATOR RESPONSE,N/A,Limit Signal 6
5/12/2016,2:35:54,5/12/2016,2:36:47,AlarmRateRamp|10383,XH03,AlarmRateRamp|10383XH03,ALARM,N/A,Limit Signal 1
5/12/2016,2:36:03,5/12/2016,2:36:47,AlarmRateRamp|10384,Q4,AlarmRateRamp|10384Q4,WARNING,N/A,Limit Signal 2
5/12/2016,2:36:13,5/12/2016,2:36:47,AlarmRateRamp|10385,XH03,AlarmRateRamp|10385XH03,WARNING,N/A,Limit Signal 3
5/12/2016,2:36:23,5/12/2016,2:36:47,AlarmRateRamp|10386,Q5,AlarmRateRamp|10386Q5,TOLERANCE,N/A,Limit Signal 4
5/12/2016,2:36:32,5/12/2016,2:36:47,AlarmRateRamp|10387,XH03,AlarmRateRamp|10387XH03,I&C ALARM,N/A,Limit Signal 5
5/12/2016,2:36:42,5/12/2016,2:36:47,AlarmRateRamp|10388,Q6,AlarmRateRamp|10388Q6,MANUAL OPERATOR RESPONSE,N/A,Limit Signal 6
5/12/2016,2:36:48,5/12/2016,2:37:41,AlarmRateRamp|10389,XH03,AlarmRateRamp|10389XH03,ALARM,N/A,Limit Signal 1
5/12/2016,2:36:57,5/12/2016,2:37:41,AlarmRateRamp|10390,Q1,AlarmRateRamp|10390Q1,WARNING,N/A,Limit Signal 2
5/12/2016,2:37:07,5/12/2016,2:37:41,BSMON10001,XA00_HW,BSMON10001XA00_HW,WARNING,N/A,Limit Signal 3
5/12/2016,2:37:16,5/12/2016,2:37:41,AlarmRateRamp|10356,Q2,AlarmRateRamp|10356Q2,TOLERANCE,N/A,Limit Signal 4
5/12/2016,2:37:26,5/12/2016,2:37:41,AlarmRateRamp|10356,Q6,AlarmRateRamp|10356Q6,I&C ALARM,N/A,Limit Signal 5
5/12/2016,2:37:35,5/12/2016,2:37:41,AlarmRateRamp|10356,Q3,AlarmRateRamp|10356Q3,MANUAL OPERATOR RESPONSE,N/A,Limit Signal 6
5/12/2016,2:37:42,5/12/2016,2:38:34,AlarmRateRamp|10357,Q1,AlarmRateRamp|10357Q1,ALARM,N/A,Limit Signal 1
5/12/2016,2:37:51,5/12/2016,2:38:34,AlarmRateRamp|10356,Q4,AlarmRateRamp|10356Q4,WARNING,N/A,Limit Signal 2
5/12/2016,2:38:01,5/12/2016,2:38:34,AlarmRateRamp|10358,Q2,AlarmRateRamp|10358Q2,WARNING,N/A,Limit Signal 3
5/12/2016,2:38:10,5/12/2016,2:38:34,AlarmRateRamp|10356,Q5,AlarmRateRamp|10356Q5,TOLERANCE,N/A,Limit Signal 4
5/12/2016,2:38:19,5/12/2016,2:38:34,AlarmRateRamp|10359,Q3,AlarmRateRamp|10359Q3,I&C ALARM,N/A,Limit Signal 5
5/12/2016,2:38:29,5/12/2016,2:38:34,AlarmRateRamp|10356,Q6,AlarmRateRamp|10356Q6,MANUAL OPERATOR RESPONSE,N/A,Limit Signal 6
5/12/2016,2:38:35,5/12/2016,2:39:26,AlarmRateRamp|10360,Q4,AlarmRateRamp|10360Q4,ALARM,N/A,Limit Signal 1
5/12/2016,2:38:44,5/12/2016,2:39:26,AlarmRateRamp|10356,Q1,AlarmRateRamp|10356Q1,WARNING,N/A,Limit Signal 2
5/12/2016,2:38:53,5/12/2016,2:39:26,AlarmRateRamp|10361,Q5,AlarmRateRamp|10361Q5,WARNING,N/A,Limit Signal 3
5/12/2016,2:39:03,5/12/2016,2:39:26,AlarmRateRamp|10356,Q2,AlarmRateRamp|10356Q2,TOLERANCE,N/A,Limit Signal 4
5/12/2016,2:39:12,5/12/2016,2:39:26,AlarmRateRamp|10356,Q3,AlarmRateRamp|10356Q3,I&C ALARM,N/A,Limit Signal 5
5/12/2016,2:39:21,5/12/2016,2:39:26,AlarmRateRamp|10356,Q4,AlarmRateRamp|10356Q4,MANUAL OPERATOR RESPONSE,N/A,Limit Signal 6
5/12/2016,2:39:27,5/12/2016,2:40:18,AlarmRateRamp|10356,Q5,AlarmRateRamp|10356Q5,ALARM,N/A,Limit Signal 1
5/12/2016,2:39:36,5/12/2016,2:40:18,AlarmRateRamp|10356,Q6,AlarmRateRamp|10356Q6,WARNING,N/A,Limit Signal 2
5/12/2016,2:39:45,5/12/2016,2:40:18,AlarmRateRamp|10356,Q1,AlarmRateRamp|10356Q1,WARNING,N/A,Limit Signal 3
5/12/2016,2:39:54,5/12/2016,2:40:18,AlarmRateRamp|10356,Q2,AlarmRateRamp|10356Q2,TOLERANCE,N/A,Limit Signal 4
5/12/2016,2:40:03,5/12/2016,2:40:18,AlarmRateRamp|10356,Q3,AlarmRateRamp|10356Q3,I&C ALARM,N/A,Limit Signal 5
5/12/2016,2:40:13,5/12/2016,2:40:18,AlarmRateRamp|10356,Q4,AlarmRateRamp|10356Q4,MANUAL OPERATOR RESPONSE,N/A,Limit Signal 6
5/12/2016,2:40:19,5/12/2016,2:41:09,AlarmRateRamp|10356,Q5,AlarmRateRamp|10356Q5,ALARM,N/A,Limit Signal 1
5/12/2016,2:40:28,5/12/2016,2:41:09,AlarmRateRamp|10356,Q6,AlarmRateRamp|10356Q6,WARNING,N/A,Limit Signal 2
5/12/2016,2:40:37,5/12/2016,2:41:09,AlarmRateRamp|10356,Q1,AlarmRateRamp|10356Q1,WARNING,N/A,Limit Signal 3
5/12/2016,2:40:46,5/12/2016,2:41:09,AlarmRateRamp|10356,Q2,AlarmRateRamp|10356Q2,TOLERANCE,N/A,Limit Signal 4
5/12/2016,2:40:55,5/12/2016,2:41:09,AlarmRateRamp|10356,Q3,AlarmRateRamp|10356Q3,I&C ALARM,N/A,Limit Signal 5
5/12/2016,2:41:04,5/12/2016,2:41:09,AlarmRateRamp|10356,Q4,AlarmRateRamp|10356Q4,MANUAL OPERATOR RESPONSE,N/A,Limit Signal 6
5/12/2016,2:41:10,5/12/2016,2:42:00,AlarmRateRamp|10356,Q5,AlarmRateRamp|10356Q5,ALARM,N/A,Limit Signal 1
5/12/2016,2:41:19,5/12/2016,2:42:00,AlarmRateRamp|10356,Q6,AlarmRateRamp|10356Q6,WARNING,N/A,Limit Signal 2
5/12/2016,2:41:28,5/12/2016,2:42:00,AlarmRateRamp|10356,Q1,AlarmRateRamp|10356Q1,WARNING,N/A,Limit Signal 3
5/12/2016,2:41:37,5/12/2016,2:42:00,AlarmRateRamp|10356,Q2,AlarmRateRamp|10356Q2,TOLERANCE,N/A,Limit Signal 4
5/12/2016,2:41:46,5/12/2016,2:42:00,AlarmRateRamp|10356,Q3,AlarmRateRamp|10356Q3,I&C ALARM,N/A,Limit Signal 5
5/12/2016,2:41:55,5/12/2016,2:42:00,AlarmRateRamp|10356,Q4,AlarmRateRamp|10356Q4,MANUAL OPERATOR RESPONSE,N/A,Limit Signal 6
5/12/2016,2:42:01,5/12/2016,2:42:50,AlarmRateRamp|10356,Q5,AlarmRateRamp|10356Q5,ALARM,N/A,Limit Signal 1
5/12/2016,2:42:09,5/12/2016,2:42:50,AlarmRateRamp|10356,Q6,AlarmRateRamp|10356Q6,WARNING,N/A,Limit Signal 2
5/12/2016,2:42:18,5/12/2016,2:42:50,AlarmRateRamp|10356,Q1,AlarmRateRamp|10356Q1,WARNING,N/A,Limit Signal 3
5/12/2016,2:42:27,5/12/2016,2:42:50,AlarmRateRamp|10356,Q2,AlarmRateRamp|10356Q2,TOLERANCE,N/A,Limit Signal 4
5/12/2016,2:42:36,5/12/2016,2:42:50,AlarmRateRamp|10356,Q3,AlarmRateRamp|10356Q3,I&C ALARM,N/A,Limit Signal 5
5/12/2016,2:42:45,5/12/2016,2:42:50,AlarmRateRamp|10356,Q4,AlarmRateRamp|10356Q4,MANUAL OPERATOR RESPONSE,N/A,Limit Signal 6
5/12/2016,2:42:51,5/12/2016,2:43:40,AlarmRateRamp|10356,Q5,AlarmRateRamp|10356Q5,ALARM,N/A,Limit Signal 1
5/12/2016,2:42:59,5/12/2016,2:43:40,AlarmRateRamp|10356,Q6,AlarmRateRamp|10356Q6,WARNING,N/A,Limit Signal 2
5/12/2016,2:43:08,5/12/2016,2:43:40,AlarmRateRamp|10356,Q1,AlarmRateRamp|10356Q1,WARNING,N/A,Limit Signal 3
5/12/2016,2:43:17,5/12/2016,2:43:40,AlarmRateRamp|10356,Q2,AlarmRateRamp|10356Q2,TOLERANCE,N/A,Limit Signal 4
5/12/2016,2:43:26,5/12/2016,2:43:40,AlarmRateRamp|10356,Q3,AlarmRateRamp|10356Q3,I&C ALARM,N/A,Limit Signal 5
5/12/2016,2:43:35,5/12/2016,2:43:40,AlarmRateRamp|10356,Q4,AlarmRateRamp|10356Q4,MANUAL OPERATOR RESPONSE,N/A,Limit Signal 6
5/12/2016,2:43:41,5/12/2016,2:44:29,AlarmRateRamp|10356,Q5,AlarmRateRamp|10356Q5,ALARM,N/A,Limit Signal 1
5/12/2016,2:43:49,5/12/2016,2:44:29,AlarmRateRamp|10356,Q6,AlarmRateRamp|10356Q6,WARNING,N/A,Limit Signal 2
5/12/2016,2:43:58,5/12/2016,2:44:29,AlarmRateRamp|10356,Q1,AlarmRateRamp|10356Q1,WARNING,N/A,Limit Signal 3
5/12/2016,2:44:07,5/12/2016,2:44:29,AlarmRateRamp|10356,Q2,AlarmRateRamp|10356Q2,TOLERANCE,N/A,Limit Signal 4
5/12/2016,2:44:15,5/12/2016,2:44:29,AlarmRateRamp|10356,Q3,AlarmRateRamp|10356Q3,I&C ALARM,N/A,Limit Signal 5
5/12/2016,2:44:24,5/12/2016,2:44:29,AlarmRateRamp|10356,Q4,AlarmRateRamp|10356Q4,MANUAL OPERATOR RESPONSE,N/A,Limit Signal 6
5/12/2016,2:44:30,5/12/2016,2:45:18,AlarmRateRamp|10356,Q5,AlarmRateRamp|10356Q5,ALARM,N/A,Limit Signal 1
5/12/2016,2:44:38,5/12/2016,2:45:18,AlarmRateRamp|10356,Q6,AlarmRateRamp|10356Q6,WARNING,N/A,Limit Signal 2
5/12/2016,2:44:47,5/12/2016,2:45:18,AlarmRateRamp|10356,Q1,AlarmRateRamp|10356Q1,WARNING,N/A,Limit Signal 3
5/12/2016,2:44:55,5/12/2016,2:45:18,AlarmRateRamp|10356,Q2,AlarmRateRamp|10356Q2,TOLERANCE,N/A,Limit Signal 4
5/12/2016,2:45:04,5/12/2016,2:45:18,AlarmRateRamp|10356,Q3,AlarmRateRamp|10356Q3,I&C ALARM,N/A,Limit Signal 5
5/12/2016,2:45:13,5/12/2016,2:45:18,AlarmRateRamp|10362,Q6,AlarmRateRamp|10362Q6,MANUAL OPERATOR RESPONSE,N/A,Limit Signal 6
5/12/2016,2:45:19,5/12/2016,2:46:06,AlarmRateRamp|10363,Q1,AlarmRateRamp|10363Q1,ALARM,N/A,Limit Signal 1
5/12/2016,2:45:27,5/12/2016,2:46:06,AlarmRateRamp|10364,Q2,AlarmRateRamp|10364Q2,WARNING,N/A,Limit Signal 2
5/12/2016,2:45:36,5/12/2016,2:46:06,AlarmRateRamp|10365,Q3,AlarmRateRamp|10365Q3,WARNING,N/A,Limit Signal 3
5/12/2016,2:45:44,5/12/2016,2:46:06,AlarmRateRamp|10366,Q4,AlarmRateRamp|10366Q4,TOLERANCE,N/A,Limit Signal 4
5/12/2016,2:45:53,5/12/2016,2:46:06,AlarmRateRamp|10356,Q5,AlarmRateRamp|10356Q5,I&C ALARM,N/A,Limit Signal 5
5/12/2016,2:46:01,5/12/2016,2:46:06,ASMON10005,XH03,ASMON10005XH03,MANUAL OPERATOR RESPONSE,N/A,Limit Signal 6
5/12/2016,2:46:07,5/12/2016,2:46:54,ASMON10005,XH03,ASMON10005XH03,ALARM,N/A,Limit Signal 1
5/12/2016,2:46:15,5/12/2016,2:46:54,ASMON10009,XQ01,ASMON10009XQ01,WARNING,N/A,Limit Signal 2
5/12/2016,2:46:23,5/12/2016,2:46:54,BSMON10016,XH52,BSMON10016XH52,WARNING,N/A,Limit Signal 3
5/12/2016,2:46:32,5/12/2016,2:46:54,ASMON10005,XH03,ASMON10005XH03,TOLERANCE,N/A,Limit Signal 4
5/12/2016,2:46:40,5/12/2016,2:46:54,ASMON10005,XH03,ASMON10005XH03,I&C ALARM,N/A,Limit Signal 5
5/12/2016,2:46:49,5/12/2016,2:46:54,ASMON10005,XH03,ASMON10005XH03,MANUAL OPERATOR RESPONSE,N/A,Limit Signal 6
5/12/2016,2:46:55,5/12/2016,2:47:41,ASMON10005,XH03,ASMON10005XH03,ALARM,N/A,Limit Signal 1
5/12/2016,2:47:03,5/12/2016,2:47:41,ASMON10005,XH03,ASMON10005XH03,WARNING,N/A,Limit Signal 2
5/12/2016,2:47:11,5/12/2016,2:47:41,ASMON10005,XH03,ASMON10005XH03,WARNING,N/A,Limit Signal 3
5/12/2016,2:47:20,5/12/2016,2:47:41,ASMON10005,XH03,ASMON10005XH03,TOLERANCE,N/A,Limit Signal 4
5/12/2016,2:47:28,5/12/2016,2:47:41,ASMON10006,XH04,ASMON10006XH04,I&C ALARM,N/A,Limit Signal 5
5/12/2016,2:47:36,5/12/2016,2:47:41,ASMON10007,XH05,ASMON10007XH05,MANUAL OPERATOR RESPONSE,N/A,Limit Signal 6
5/12/2016,2:47:42,5/12/2016,2:48:28,ASMON10021,XH01,ASMON10021XH01,ALARM,N/A,Limit Signal 1
5/12/2016,2:47:50,5/12/2016,2:48:28,ASMON10021,XH01,ASMON10021XH01,WARNING,N/A,Limit Signal 2
5/12/2016,2:47:58,5/12/2016,2:48:28,ASMON10021,XH01,ASMON10021XH01,WARNING,N/A,Limit Signal 3
5/12/2016,2:48:06,5/12/2016,2:48:28,ASMON10021,XH01,ASMON10021XH01,TOLERANCE,N/A,Limit Signal 4
5/12/2016,2:48:15,5/12/2016,2:48:28,ASMON10021,XH01,ASMON10021XH01,I&C ALARM,N/A,Limit Signal 5
5/12/2016,2:48:23,5/12/2016,2:48:28,ASMON10021,XH01,ASMON10021XH01,MANUAL OPERATOR RESPONSE,N/A,Limit Signal 6
5/12/2016,2:48:29,5/12/2016,2:49:14,ASMON10021,XH01,ASMON10021XH01,ALARM,N/A,Limit Signal 1
5/12/2016,2:48:37,5/12/2016,2:49:14,ASMON10021,XH01,ASMON10021XH01,WARNING,N/A,Limit Signal 2
5/12/2016,2:48:45,5/12/2016,2:49:14,ASMON10021,XH01,ASMON10021XH01,WARNING,N/A,Limit Signal 3
5/12/2016,2:48:53,5/12/2016,2:49:14,ASMON10021,XH01,ASMON10021XH01,TOLERANCE,N/A,Limit Signal 4
5/12/2016,2:49:01,5/12/2016,2:49:14,ASMON10021,XH01,ASMON10021XH01,I&C ALARM,N/A,Limit Signal 5
5/12/2016,2:49:10,5/12/2016,2:49:14,ASMON10021,XH01,ASMON10021XH01,MANUAL OPERATOR RESPONSE,N/A,Limit Signal 6
5/12/2016,2:49:15,5/12/2016,2:50:00,ASMON10021,XH01,ASMON10021XH01,ALARM,N/A,Limit Signal 1
5/12/2016,2:49:23,5/12/2016,2:50:00,ASMON10021,XH01,ASMON10021XH01,WARNING,N/A,Limit Signal 2
5/12/2016,2:49:31,5/12/2016,2:50:00,ASMON10021,XH01,ASMON10021XH01,WARNING,N/A,Limit Signal 3
5/12/2016,2:49:39,5/12/2016,2:50:00,AlarmRateRamp|10356,Q4,AlarmRateRamp|10356Q4,TOLERANCE,N/A,Limit Signal 4
5/12/2016,2:49:47,5/12/2016,2:50:00,AlarmRateRamp|10356,Q4,AlarmRateRamp|10356Q4,I&C ALARM,N/A,Limit Signal 5
5/12/2016,2:49:55,5/12/2016,2:50:00,AlarmRateRamp|10356,Q5,AlarmRateRamp|10356Q5,MANUAL OPERATOR RESPONSE,N/A,Limit Signal 6
5/12/2016,2:50:01,5/12/2016,2:50:45,AlarmRateRamp|10356,Q6,AlarmRateRamp|10356Q6,ALARM,N/A,Limit Signal 1
5/12/2016,2:50:09,5/12/2016,2:50:45,AlarmRateRamp|10356,Q1,AlarmRateRamp|10356Q1,WARNING,N/A,Limit Signal 2
5/12/2016,2:50:17,5/12/2016,2:50:45,AlarmRateRamp|10356,Q2,AlarmRateRamp|10356Q2,WARNING,N/A,Limit Signal 3
5/12/2016,2:50:25,5/12/2016,2:50:45,AlarmRateRamp|10356,Q3,AlarmRateRamp|10356Q3,TOLERANCE,N/A,Limit Signal 4
5/12/2016,2:50:33,5/12/2016,2:50:45,AlarmRateRamp|10356,Q4,AlarmRateRamp|10356Q4,I&C ALARM,N/A,Limit Signal 5
5/12/2016,2:50:41,5/12/2016,2:50:45,AlarmRateRamp|10356,Q5,AlarmRateRamp|10356Q5,MANUAL OPERATOR RESPONSE,N/A,Limit Signal 6
5/12/2016,2:50:46,5/12/2016,2:51:30,AlarmRateRamp|10356,Q6,AlarmRateRamp|10356Q6,ALARM,N/A,Limit Signal 1
5/12/2016,2:50:54,5/12/2016,2:51:30,AlarmRateRamp|10356,Q1,AlarmRateRamp|10356Q1,WARNING,N/A,Limit Signal 2
5/12/2016,2:51:01,5/12/2016,2:51:30,AlarmRateRamp|10356,Q2,AlarmRateRamp|10356Q2,WARNING,N/A,Limit Signal 3
5/12/2016,2:51:09,5/12/2016,2:51:30,AlarmRateRamp|10356,Q3,AlarmRateRamp|10356Q3,TOLERANCE,N/A,Limit Signal 4
5/12/2016,2:51:17,5/12/2016,2:51:30,AlarmRateRamp|10356,Q4,AlarmRateRamp|10356Q4,I&C ALARM,N/A,Limit Signal 5
5/12/2016,2:51:25,5/12/2016,2:51:30,AlarmRateRamp|10356,Q5,AlarmRateRamp|10356Q5,MANUAL OPERATOR RESPONSE,N/A,Limit Signal 6
5/12/2016,2:51:31,5/12/2016,2:52:15,AlarmRateRamp|10356,Q6,AlarmRateRamp|10356Q6,ALARM,N/A,Limit Signal 1
5/12/2016,2:51:38,5/12/2016,2:52:15,AlarmRateRamp|10356,Q1,AlarmRateRamp|10356Q1,WARNING,N/A,Limit Signal 2
5/12/2016,2:51:46,5/12/2016,2:52:15,AlarmRateRamp|10356,Q2,AlarmRateRamp|10356Q2,WARNING,N/A,Limit Signal 3
5/12/2016,2:51:54,5/12/2016,2:52:15,ASMON10021,XH01,ASMON10021XH01,TOLERANCE,N/A,Limit Signal 4
5/12/2016,2:52:02,5/12/2016,2:52:15,ASMON10021,XH01,ASMON10021XH01,I&C ALARM,N/A,Limit Signal 5
5/12/2016,2:52:10,5/12/2016,2:52:15,ASMON10021,XH01,ASMON10021XH01,MANUAL OPERATOR RESPONSE,N/A,Limit Signal 6
5/12/2016,2:52:16,5/12/2016,2:52:59,ASMON10021,XH01,ASMON10021XH01,ALARM,N/A,Limit Signal 1
5/12/2016,2:52:23,5/12/2016,2:52:59,ASMON10021,XH01,ASMON10021XH01,WARNING,N/A,Limit Signal 2
5/12/2016,2:52:31,5/12/2016,2:52:59,BSMON10011,XA01,BSMON10011XA01,WARNING,N/A,Limit Signal 3
5/12/2016,2:52:39,5/12/2016,2:52:59,BSMON10011,XA01,BSMON10011XA01,TOLERANCE,N/A,Limit Signal 4
5/12/2016,2:52:47,5/12/2016,2:52:59,BSMON10011,XA01,BSMON10011XA01,I&C ALARM,N/A,Limit Signal 5
5/12/2016,2:52:55,5/12/2016,2:52:59,BSMON10011,XA01,BSMON10011XA01,MANUAL OPERATOR RESPONSE,N/A,Limit Signal 6
5/12/2016,2:53:00,5/12/2016,2:53:43,ASMON10021,XH01,ASMON10021XH01,ALARM,N/A,Limit Signal 1
5/12/2016,2:53:07,5/12/2016,2:53:43,ASMON10021,XH01,ASMON10021XH01,WARNING,N/A,Limit Signal 2
5/12/2016,2:53:15,5/12/2016,2:53:43,ASMON10021,XH01,ASMON10021XH01,WARNING,N/A,Limit Signal 3
5/12/2016,2:53:23,5/12/2016,2:53:43,ASMON10021,XH01,ASMON10021XH01,TOLERANCE,N/A,Limit Signal 4
5/12/2016,2:53:31,5/12/2016,2:53:43,ASMON10021,XH01,ASMON10021XH01,I&C ALARM,N/A,Limit Signal 5
5/12/2016,2:53:38,5/12/2016,2:53:43,ASMON10021,XH01,ASMON10021XH01,MANUAL OPERATOR RESPONSE,N/A,Limit Signal 6
5/12/2016,2:53:44,5/12/2016,2:54:27,ASMON10021,XH01,ASMON10021XH01,ALARM,N/A,Limit Signal 1
5/12/2016,2:53:51,5/12/2016,2:54:27,ASMON10021,XH01,ASMON10021XH01,WARNING,N/A,Limit Signal 2
5/12/2016,2:53:59,5/12/2016,2:54:27,ASMON10021,XH01,ASMON10021XH01,WARNING,N/A,Limit Signal 3
5/12/2016,2:54:07,5/12/2016,2:54:27,ASMON10021,XH01,ASMON10021XH01,TOLERANCE,N/A,Limit Signal 4
5/12/2016,2:54:14,5/12/2016,2:54:27,ASMON10021,XH01,ASMON10021XH01,I&C ALARM,N/A,Limit Signal 5
5/12/2016,2:54:22,5/12/2016,2:54:27,ASMON10021,XH01,ASMON10021XH01,MANUAL OPERATOR RESPONSE,N/A,Limit Signal 6
5/12/2016,2:54:28,5/12/2016,2:55:10,ASMON10021,XH01,ASMON10021XH01,ALARM,N/A,Limit Signal 1
5/12/2016,2:54:35,5/12/2016,2:55:10,ASMON10021,XH01,ASMON10021XH01,WARNING,N/A,Limit Signal 2
5/12/2016,2:54:43,5/12/2016,2:55:10,ASMON10021,XH01,ASMON10021XH01,WARNING,N/A,Limit Signal 3
5/12/2016,2:54:50,5/12/2016,2:55:10,ASMON10021,XH01,ASMON10021XH01,TOLERANCE,N/A,Limit Signal 4
5/12/2016,2:54:58,5/12/2016,2:55:10,ASMON10021,XH01,ASMON10021XH01,I&C ALARM,N/A,Limit Signal 5
5/12/2016,2:55:06,5/12/2016,2:55:10,ASMON10021,XH01,ASMON10021XH01,MANUAL OPERATOR RESPONSE,N/A,Limit Signal 6
5/12/2016,2:55:11,5/12/2016,2:55:53,ASMON10021,XH01,ASMON10021XH01,ALARM,N/A,Limit Signal 1
5/12/2016,2:55:18,5/12/2016,2:55:53,ASMON10021,XH01,ASMON10021XH01,WARNING,N/A,Limit Signal 2
5/12/2016,2:55:26,5/12/2016,2:55:53,BSMON10034,XH06,BSMON10034XH06,WARNING,N/A,Limit Signal 3
5/12/2016,2:55:33,5/12/2016,2:55:53,BSMON10034,XH06,BSMON10034XH06,TOLERANCE,N/A,Limit Signal 4
5/12/2016,2:55:41,5/12/2016,2:55:53,BSMON10034,XH06,BSMON10034XH06,I&C ALARM,N/A,Limit Signal 5
5/12/2016,2:55:48,5/12/2016,2:55:53,BSMON10034,XH06,BSMON10034XH06,MANUAL OPERATOR RESPONSE,N/A,Limit Signal 6
5/12/2016,2:55:54,5/12/2016,2:56:35,BSMON10034,XH06,BSMON10034XH06,ALARM,N/A,Limit Signal 1
5/12/2016,2:56:01,5/12/2016,2:56:35,BSMON10034,XH06,BSMON10034XH06,WARNING,N/A,Limit Signal 2
5/12/2016,2:56:09,5/12/2016,2:56:35,BSMON10034,XH06,BSMON10034XH06,WARNING,N/A,Limit Signal 3
5/12/2016,2:56:16,5/12/2016,2:56:35,BSMON10034,XH06,BSMON10034XH06,TOLERANCE,N/A,Limit Signal 4
5/12/2016,2:56:24,5/12/2016,2:56:35,BSMON10034,XH06,BSMON10034XH06,I&C ALARM,N/A,Limit Signal 5
5/12/2016,2:56:31,5/12/2016,2:56:35,BSMON10034,XH06,BSMON10034XH06,MANUAL OPERATOR RESPONSE,N/A,Limit Signal 6
5/12/2016,2:56:36,5/12/2016,2:57:17,BSMON10034,XH06,BSMON10034XH06,ALARM,N/A,Limit Signal 1
5/12/2016,2:56:43,5/12/2016,2:57:17,BSMON10034,XH06,BSMON10034XH06,WARNING,N/A,Limit Signal 2
5/12/2016,2:56:50,5/12/2016,2:57:17,BSMON10034,XH06,BSMON10034XH06,WARNING,N/A,Limit Signal 3
5/12/2016,2:56:58,5/12/2016,2:57:17,BSMON10034,XH06,BSMON10034XH06,TOLERANCE,N/A,Limit Signal 4
5/12/2016,2:57:05,5/12/2016,2:57:17,BSMON10034,XH06,BSMON10034XH06,I&C ALARM,N/A,Limit Signal 5
5/12/2016,2:57:13,5/12/2016,2:57:17,BSMON10034,XH06,BSMON10034XH06,MANUAL OPERATOR RESPONSE,N/A,Limit Signal 6
5/12/2016,2:57:18,5/12/2016,2:57:59,AlarmRateRamp|10356,Q6,AlarmRateRamp|10356Q6,ALARM,N/A,Limit Signal 1
5/12/2016,2:57:25,5/12/2016,2:57:59,AlarmRateRamp|10356,Q1,AlarmRateRamp|10356Q1,WARNING,N/A,Limit Signal 2
5/12/2016,2:57:32,5/12/2016,2:57:59,AlarmRateRamp|10356,Q2,AlarmRateRamp|10356Q2,WARNING,N/A,Limit Signal 3
5/12/2016,2:57:40,5/12/2016,2:57:59,AlarmRateRamp|10356,Q3,AlarmRateRamp|10356Q3,TOLERANCE,N/A,Limit Signal 4
5/12/2016,2:57:47,5/12/2016,2:57:59,AlarmRateRamp|10356,Q4,AlarmRateRamp|10356Q4,I&C ALARM,N/A,Limit Signal 5
5/12/2016,2:57:54,5/12/2016,2:57:59,AlarmRateRamp|10357,Q5,AlarmRateRamp|10357Q5,MANUAL OPERATOR RESPONSE,N/A,Limit Signal 6
5/12/2016,2:58:00,5/12/2016,2:58:41,AlarmRateRamp|10358,Q6,AlarmRateRamp|10358Q6,ALARM,N/A,Limit Signal 1
5/12/2016,2:58:07,5/12/2016,2:58:41,AlarmRateRamp|10359,Q1,AlarmRateRamp|10359Q1,WARNING,N/A,Limit Signal 2
5/12/2016,2:58:14,5/12/2016,2:58:41,AlarmRateRamp|10360,Q2,AlarmRateRamp|10360Q2,WARNING,N/A,Limit Signal 3
5/12/2016,2:58:22,5/12/2016,2:58:41,AlarmRateRamp|10361,Q3,AlarmRateRamp|10361Q3,TOLERANCE,N/A,Limit Signal 4
5/12/2016,2:58:29,5/12/2016,2:58:41,AlarmRateRamp|10362,Q4,AlarmRateRamp|10362Q4,I&C ALARM,N/A,Limit Signal 5
5/12/2016,2:58:36,5/12/2016,2:58:41,AlarmRateRamp|10363,Q5,AlarmRateRamp|10363Q5,MANUAL OPERATOR RESPONSE,N/A,Limit Signal 6
5/12/2016,2:58:42,5/12/2016,2:59:22,AlarmRateRamp|10364,Q6,AlarmRateRamp|10364Q6,ALARM,N/A,Limit Signal 1
5/12/2016,2:58:49,5/12/2016,2:59:22,AlarmRateRamp|10365,Q1,AlarmRateRamp|10365Q1,WARNING,N/A,Limit Signal 2
5/12/2016,2:58:56,5/12/2016,2:59:22,AlarmRateRamp|10366,Q2,AlarmRateRamp|10366Q2,WARNING,N/A,Limit Signal 3
5/12/2016,2:59:03,5/12/2016,2:59:22,AlarmRateRamp|10367,Q3,AlarmRateRamp|10367Q3,TOLERANCE,N/A,Limit Signal 4
5/12/2016,2:59:11,5/12/2016,2:59:22,AlarmRateRamp|10368,Q4,AlarmRateRamp|10368Q4,I&C ALARM,N/A,Limit Signal 5
5/12/2016,2:59:18,5/12/2016,2:59:22,AlarmRateRamp|10369,Q5,AlarmRateRamp|10369Q5,MANUAL OPERATOR RESPONSE,N/A,Limit Signal 6
5/12/2016,2:59:23,5/12/2016,3:00:03,AlarmRateRamp|10370,Q6,AlarmRateRamp|10370Q6,ALARM,N/A,Limit Signal 1
5/12/2016,2:59:30,5/12/2016,3:00:03,AlarmRateRamp|10371,Q1,AlarmRateRamp|10371Q1,WARNING,N/A,Limit Signal 2
5/12/2016,2:59:37,5/12/2016,3:00:03,AlarmRateRamp|10372,Q2,AlarmRateRamp|10372Q2,WARNING,N/A,Limit Signal 3
5/12/2016,2:59:44,5/12/2016,3:00:03,AlarmRateRamp|10373,Q3,AlarmRateRamp|10373Q3,TOLERANCE,N/A,Limit Signal 4
5/12/2016,2:59:51,5/12/2016,3:00:03,AlarmRateRamp|10362,XQ02,AlarmRateRamp|10362XQ02,I&C ALARM,N/A,Limit Signal 5
5/12/2016,2:59:59,5/12/2016,3:00:03,AlarmRateRamp|10356,XQ03,AlarmRateRamp|10356XQ03,MANUAL OPERATOR RESPONSE,N/A,Limit Signal 6
5/12/2016,3:00:04,5/12/2016,3:00:44,AlarmRateRamp|10356,Q6,AlarmRateRamp|10356Q6,ALARM,N/A,Limit Signal 1
5/12/2016,3:00:11,5/12/2016,3:00:44,AlarmRateRamp|10356,Q1,AlarmRateRamp|10356Q1,WARNING,N/A,Limit Signal 2
5/12/2016,3:00:18,5/12/2016,3:00:44,AlarmRateRamp|10356,Q2,AlarmRateRamp|10356Q2,WARNING,N/A,Limit Signal 3
5/12/2016,3:00:25,5/12/2016,3:00:44,AlarmRateRamp|10356,Q3,AlarmRateRamp|10356Q3,TOLERANCE,N/A,Limit Signal 4
5/12/2016,3:00:32,5/12/2016,3:00:44,AlarmRateRamp|10356,Q4,AlarmRateRamp|10356Q4,I&C ALARM,N/A,Limit Signal 5
5/12/2016,3:00:39,5/12/2016,3:00:44,AlarmRateRamp|10356,Q5,AlarmRateRamp|10356Q5,MANUAL OPERATOR RESPONSE,N/A,Limit Signal 6
5/12/2016,3:00:45,5/12/2016,3:01:24,AlarmRateRamp|10356,Q6,AlarmRateRamp|10356Q6,ALARM,N/A,Limit Signal 1
5/12/2016,3:00:52,5/12/2016,3:01:24,AlarmRateRamp|10356,Q1,AlarmRateRamp|10356Q1,WARNING,N/A,Limit Signal 2
5/12/2016,3:00:59,5/12/2016,3:01:24,AlarmRateRamp|10356,Q2,AlarmRateRamp|10356Q2,WARNING,N/A,Limit Signal 3
5/12/2016,3:01:06,5/12/2016,3:01:24,AlarmRateRamp|10356,Q3,AlarmRateRamp|10356Q3,TOLERANCE,N/A,Limit Signal 4
5/12/2016,3:01:13,5/12/2016,3:01:24,AlarmRateRamp|10356,Q4,AlarmRateRamp|10356Q4,I&C ALARM,N/A,Limit Signal 5
5/12/2016,3:01:20,5/12/2016,3:01:24,AlarmRateRamp|10356,Q5,AlarmRateRamp|10356Q5,MANUAL OPERATOR RESPONSE,N/A,Limit Signal 6
5/12/2016,3:01:25,5/12/2016,3:02:04,AlarmRateRamp|10356,Q6,AlarmRateRamp|10356Q6,ALARM,N/A,Limit Signal 1
5/12/2016,3:01:32,5/12/2016,3:02:04,AlarmRateRamp|10356,Q1,AlarmRateRamp|10356Q1,WARNING,N/A,Limit Signal 2
5/12/2016,3:01:39,5/12/2016,3:02:04,AlarmRateRamp|10356,Q2,AlarmRateRamp|10356Q2,WARNING,N/A,Limit Signal 3
5/12/2016,3:01:46,5/12/2016,3:02:04,AlarmRateRamp|10356,Q3,AlarmRateRamp|10356Q3,TOLERANCE,N/A,Limit Signal 4
5/12/2016,3:01:53,5/12/2016,3:02:04,AlarmRateRamp|10356,Q4,AlarmRateRamp|10356Q4,I&C ALARM,N/A,Limit Signal 5
5/12/2016,3:02:00,5/12/2016,3:02:04,AlarmRateRamp|10356,Q5,AlarmRateRamp|10356Q5,MANUAL OPERATOR RESPONSE,N/A,Limit Signal 6
5/12/2016,3:02:05,5/12/2016,3:02:44,AlarmRateRamp|10356,Q6,AlarmRateRamp|10356Q6,ALARM,N/A,Limit Signal 1
5/12/2016,3:02:12,5/12/2016,3:02:44,AlarmRateRamp|10356,Q1,AlarmRateRamp|10356Q1,WARNING,N/A,Limit Signal 2
5/12/2016,3:02:19,5/12/2016,3:02:44,AlarmRateRamp|10356,Q2,AlarmRateRamp|10356Q2,WARNING,N/A,Limit Signal 3
5/12/2016,3:02:26,5/12/2016,3:02:44,AlarmRateRamp|10356,Q3,AlarmRateRamp|10356Q3,TOLERANCE,N/A,Limit Signal 4
5/12/2016,3:02:33,5/12/2016,3:02:44,AlarmRateRamp|10356,Q4,AlarmRateRamp|10356Q4,I&C ALARM,N/A,Limit Signal 5
5/12/2016,3:02:40,5/12/2016,3:02:44,AlarmRateRamp|10356,Q5,AlarmRateRamp|10356Q5,MANUAL OPERATOR RESPONSE,N/A,Limit Signal 6
5/12/2016,3:02:45,5/12/2016,3:03:24,AlarmRateRamp|10356,Q6,AlarmRateRamp|10356Q6,ALARM,N/A,Limit Signal 1
5/12/2016,3:02:51,5/12/2016,3:03:24,BSMON10011,XA01,BSMON10011XA01,WARNING,N/A,Limit Signal 2
5/12/2016,3:02:58,5/12/2016,3:03:24,BSMON10012,XA02,BSMON10012XA02,WARNING,N/A,Limit Signal 3
5/12/2016,3:03:05,5/12/2016,3:03:24,BSMON10013,XH01,BSMON10013XH01,TOLERANCE,N/A,Limit Signal 4
5/12/2016,3:03:12,5/12/2016,3:03:24,BSMON10014,XH03,BSMON10014XH03,I&C ALARM,N/A,Limit Signal 5
5/12/2016,3:03:19,5/12/2016,3:03:24,BSMON10001,XA00_HW,BSMON10001XA00_HW,MANUAL OPERATOR RESPONSE,N/A,Limit Signal 6
5/12/2016,3:03:25,5/12/2016,3:04:03,AlarmRateRamp|10356,Q6,AlarmRateRamp|10356Q6,ALARM,N/A,Limit Signal 1
5/12/2016,3:03:31,5/12/2016,3:04:03,AlarmRateRamp|10356,Q1,AlarmRateRamp|10356Q1,WARNING,N/A,Limit Signal 2
5/12/2016,3:03:38,5/12/2016,3:04:03,AlarmRateRamp|10356,Q2,AlarmRateRamp|10356Q2,WARNING,N/A,Limit Signal 3
5/12/2016,3:03:45,5/12/2016,3:04:03,AlarmRateRamp|10356,Q3,AlarmRateRamp|10356Q3,TOLERANCE,N/A,Limit Signal 4
5/12/2016,3:03:52,5/12/2016,3:04:03,AlarmRateRamp|10356,Q4,AlarmRateRamp|10356Q4,I&C ALARM,N/A,Limit Signal 5
5/12/2016,3:03:59,5/12/2016,3:04:03,AlarmRateRamp|10356,Q5,AlarmRateRamp|10356Q5,MANUAL OPERATOR RESPONSE,N/A,Limit Signal 6
5/12/2016,3:04:04,5/12/2016,3:04:42,AlarmRateRamp|10356,Q6,AlarmRateRamp|10356Q6,ALARM,N/A,Limit Signal 1
5/12/2016,3:04:10,5/12/2016,3:04:42,AlarmRateRamp|10356,Q1,AlarmRateRamp|10356Q1,WARNING,N/A,Limit Signal 2
5/12/2016,3:04:17,5/12/2016,3:04:42,AlarmRateRamp|10356,Q2,AlarmRateRamp|10356Q2,WARNING,N/A,Limit Signal 3
5/12/2016,3:04:24,5/12/2016,3:04:42,BSMON10036,XH08,BSMON10036XH08,TOLERANCE,N/A,Limit Signal 4
5/12/2016,3:04:31,5/12/2016,3:04:42,BSMON10037,XH09,BSMON10037XH09,I&C ALARM,N/A,Limit Signal 5
5/12/2016,3:04:38,5/12/2016,3:04:42,BSMON10001,XA00_HW,BSMON10001XA00_HW,MANUAL OPERATOR RESPONSE,N/A,Limit Signal 6
5/12/2016,3:04:43,5/12/2016,3:05:21,BSMON10039,XH11,BSMON10039XH11,ALARM,N/A,Limit Signal 1
5/12/2016,3:04:49,5/12/2016,3:05:21,BSMON10040,XH12,BSMON10040XH12,WARNING,N/A,Limit Signal 2
5/12/2016,3:04:56,5/12/2016,3:05:21,BSMON10041,XH13,BSMON10041XH13,WARNING,N/A,Limit Signal 3
5/12/2016,3:05:03,5/12/2016,3:05:21,BSMON10042,XH14,BSMON10042XH14,TOLERANCE,N/A,Limit Signal 4
5/12/2016,3:05:10,5/12/2016,3:05:21,BSMON10043,XH15,BSMON10043XH15,I&C ALARM,N/A,Limit Signal 5
5/12/2016,3:05:17,5/12/2016,3:05:21,BSMON10044,XH16,BSMON10044XH16,MANUAL OPERATOR RESPONSE,N/A,Limit Signal 6
5/12/2016,3:05:22,5/12/2016,3:06:00,BSMON10045,XH17,BSMON10045XH17,ALARM,N/A,Limit Signal 1
5/12/2016,3:05:28,5/12/2016,3:06:00,BSMON10046,XH18,BSMON10046XH18,WARNING,N/A,Limit Signal 2
5/12/2016,3:05:35,5/12/2016,3:06:00,AlarmRateRamp|10356,Q2,AlarmRateRamp|10356Q2,WARNING,N/A,Limit Signal 3
5/12/2016,3:05:42,5/12/2016,3:06:00,AlarmRateRamp|10356,Q3,AlarmRateRamp|10356Q3,TOLERANCE,N/A,Limit Signal 4
5/12/2016,3:05:49,5/12/2016,3:06:00,AlarmRateRamp|10356,Q4,AlarmRateRamp|10356Q4,I&C ALARM,N/A,Limit Signal 5
5/12/2016,3:05:55,5/12/2016,3:06:00,AlarmRateRamp|10356,Q5,AlarmRateRamp|10356Q5,MANUAL OPERATOR RESPONSE,N/A,Limit Signal 6
5/12/2016,3:06:01,5/12/2016,3:06:38,AlarmRateRamp|10356,Q6,AlarmRateRamp|10356Q6,ALARM,N/A,Limit Signal 1
5/12/2016,3:06:07,5/12/2016,3:06:38,AlarmRateRamp|10356,Q1,AlarmRateRamp|10356Q1,WARNING,N/A,Limit Signal 2
5/12/2016,3:06:14,5/12/2016,3:06:38,ASMON10005,XH03,ASMON10005XH03,WARNING,N/A,Limit Signal 3
5/12/2016,3:06:21,5/12/2016,3:06:38,ASMON10005,XH03,ASMON10005XH03,TOLERANCE,N/A,Limit Signal 4
5/12/2016,3:06:27,5/12/2016,3:06:38,BSMON10001,XA00_HW,BSMON10001XA00_HW,I&C ALARM,N/A,Limit Signal 5
5/12/2016,3:06:34,5/12/2016,3:06:38,ASMON10024,XH05,ASMON10024XH05,MANUAL OPERATOR RESPONSE,N/A,Limit Signal 6
5/12/2016,3:06:39,5/12/2016,3:07:16,BSMON10001,XA00_HW,BSMON10001XA00_HW,ALARM,N/A,Limit Signal 1
5/12/2016,3:06:45,5/12/2016,3:07:16,BSMON10033,XH05,BSMON10033XH05,WARNING,N/A,Limit Signal 2
5/12/2016,3:06:52,5/12/2016,3:07:16,BSMON10034,XH06,BSMON10034XH06,WARNING,N/A,Limit Signal 3
5/12/2016,3:06:59,5/12/2016,3:07:16,BSMON10035,XH07,BSMON10035XH07,TOLERANCE,N/A,Limit Signal 4
5/12/2016,3:07:05,5/12/2016,3:07:16,BSMON10036,XH08,BSMON10036XH08,I&C ALARM,N/A,Limit Signal 5
5/12/2016,3:07:12,5/12/2016,3:07:16,BSMON10037,XH09,BSMON10037XH09,MANUAL OPERATOR RESPONSE,N/A,Limit Signal 6
5/12/2016,3:07:17,5/12/2016,3:07:54,BSMON10001,XA00_HW,BSMON10001XA00_HW,ALARM,N/A,Limit Signal 1
5/12/2016,3:07:23,5/12/2016,3:07:54,BSMON10039,XH11,BSMON10039XH11,WARNING,N/A,Limit Signal 2
5/12/2016,3:07:30,5/12/2016,3:07:54,AlarmRateRamp|10356,Q2,AlarmRateRamp|10356Q2,WARNING,N/A,Limit Signal 3
5/12/2016,3:07:36,5/12/2016,3:07:54,AlarmRateRamp|10371,Q3,AlarmRateRamp|10371Q3,TOLERANCE,N/A,Limit Signal 4
5/12/2016,3:07:43,5/12/2016,3:07:54,AlarmRateRamp|10372,Q4,AlarmRateRamp|10372Q4,I&C ALARM,N/A,Limit Signal 5
5/12/2016,3:07:50,5/12/2016,3:07:54,AlarmRateRamp|10373,Q5,AlarmRateRamp|10373Q5,MANUAL OPERATOR RESPONSE,N/A,Limit Signal 6
5/12/2016,3:07:55,5/12/2016,3:08:32,AlarmRateRamp|10374,Q6,AlarmRateRamp|10374Q6,ALARM,N/A,Limit Signal 1
5/12/2016,3:08:01,5/12/2016,3:08:32,AlarmRateRamp|10375,XA00_HW,AlarmRateRamp|10375XA00_HW,WARNING,N/A,Limit Signal 2
5/12/2016,3:08:08,5/12/2016,3:08:32,AlarmRateRamp|10376,Q2,AlarmRateRamp|10376Q2,WARNING,N/A,Limit Signal 3
5/12/2016,3:08:14,5/12/2016,3:08:32,AlarmRateRamp|10377,Q3,AlarmRateRamp|10377Q3,TOLERANCE,N/A,Limit Signal 4
5/12/2016,3:08:21,5/12/2016,3:08:32,AlarmRateRamp|10378,Q4,AlarmRateRamp|10378Q4,I&C ALARM,N/A,Limit Signal 5
5/12/2016,3:08:28,5/12/2016,3:08:32,AlarmRateRamp|10379,XH09,AlarmRateRamp|10379XH09,MANUAL OPERATOR RESPONSE,N/A,Limit Signal 6
5/12/2016,3:08:33,5/12/2016,3:09:09,AlarmRateRamp|10380,XH10,AlarmRateRamp|10380XH10,ALARM,N/A,Limit Signal 1
5/12/2016,3:08:39,5/12/2016,3:09:09,AlarmRateRamp|10381,XH11,AlarmRateRamp|10381XH11,WARNING,N/A,Limit Signal 2
5/12/2016,3:08:46,5/12/2016,3:09:09,AlarmRateRamp|10382,XH12,AlarmRateRamp|10382XH12,WARNING,N/A,Limit Signal 3
5/12/2016,3:08:52,5/12/2016,3:09:09,AlarmRateRamp|10383,XH13,AlarmRateRamp|10383XH13,TOLERANCE,N/A,Limit Signal 4
5/12/2016,3:08:59,5/12/2016,3:09:09,AlarmRateRamp|10361,XH14,AlarmRateRamp|10361XH14,I&C ALARM,N/A,Limit Signal 5
5/12/2016,3:09:05,5/12/2016,3:09:09,AlarmRateRamp|10362,XH15,AlarmRateRamp|10362XH15,MANUAL OPERATOR RESPONSE,N/A,Limit Signal 6
5/12/2016,3:09:10,5/12/2016,3:09:46,AlarmRateRamp|10363,XH16,AlarmRateRamp|10363XH16,ALARM,N/A,Limit Signal 1
5/12/2016,3:09:16,5/12/2016,3:09:46,AlarmRateRamp|10364,XH17,AlarmRateRamp|10364XH17,WARNING,N/A,Limit Signal 2
5/12/2016,3:09:23,5/12/2016,3:09:46,AlarmRateRamp|10365,XH18,AlarmRateRamp|10365XH18,WARNING,N/A,Limit Signal 3
5/12/2016,3:09:29,5/12/2016,3:09:46,AlarmRateRamp|10366,XH19,AlarmRateRamp|10366XH19,TOLERANCE,N/A,Limit Signal 4
5/12/2016,3:09:36,5/12/2016,3:09:46,AlarmRateRamp|10367,XH20,AlarmRateRamp|10367XH20,I&C ALARM,N/A,Limit Signal 5
5/12/2016,3:09:42,5/12/2016,3:09:46,AlarmRateRamp|10368,XH21,AlarmRateRamp|10368XH21,MANUAL OPERATOR RESPONSE,N/A,Limit Signal 6
5/12/2016,3:09:47,5/12/2016,3:10:23,AlarmRateRamp|10369,XH22,AlarmRateRamp|10369XH22,ALARM,N/A,Limit Signal 1
5/12/2016,3:09:53,5/12/2016,3:10:23,AlarmRateRamp|10370,XH23,AlarmRateRamp|10370XH23,WARNING,N/A,Limit Signal 2
5/12/2016,3:10:00,5/12/2016,3:10:23,AlarmRateRamp|10371,XH24,AlarmRateRamp|10371XH24,WARNING,N/A,Limit Signal 3
5/12/2016,3:10:06,5/12/2016,3:10:23,AlarmRateRamp|10372,XH25,AlarmRateRamp|10372XH25,TOLERANCE,N/A,Limit Signal 4
5/12/2016,3:10:12,5/12/2016,3:10:23,AlarmRateRamp|10373,XH26,AlarmRateRamp|10373XH26,I&C ALARM,N/A,Limit Signal 5
5/12/2016,3:10:19,5/12/2016,3:10:23,AlarmRateRamp|10374,XH27,AlarmRateRamp|10374XH27,MANUAL OPERATOR RESPONSE,N/A,Limit Signal 6
5/12/2016,3:10:24,5/12/2016,3:11:00,AlarmRateRamp|10375,XH28,AlarmRateRamp|10375XH28,ALARM,N/A,Limit Signal 1
5/12/2016,3:10:30,5/12/2016,3:11:00,AlarmRateRamp|10376,XH29,AlarmRateRamp|10376XH29,WARNING,N/A,Limit Signal 2
5/12/2016,3:10:36,5/12/2016,3:11:00,AlarmRateRamp|10377,XH30,AlarmRateRamp|10377XH30,WARNING,N/A,Limit Signal 3
5/12/2016,3:10:43,5/12/2016,3:11:00,AlarmRateRamp|10378,XH31,AlarmRateRamp|10378XH31,TOLERANCE,N/A,Limit Signal 4
5/12/2016,3:10:49,5/12/2016,3:11:00,AlarmRateRamp|10379,XH32,AlarmRateRamp|10379XH32,I&C ALARM,N/A,Limit Signal 5
5/12/2016,3:10:56,5/12/2016,3:11:00,AlarmRateRamp|10380,XH33,AlarmRateRamp|10380XH33,MANUAL OPERATOR RESPONSE,N/A,Limit Signal 6
5/12/2016,3:11:01,5/12/2016,3:11:36,AlarmRateRamp|10381,XH34,AlarmRateRamp|10381XH34,ALARM,N/A,Limit Signal 1
5/12/2016,3:11:07,5/12/2016,3:11:36,AlarmRateRamp|10382,XH35,AlarmRateRamp|10382XH35,WARNING,N/A,Limit Signal 2
5/12/2016,3:11:13,5/12/2016,3:11:36,AlarmRateRamp|10383,XH36,AlarmRateRamp|10383XH36,WARNING,N/A,Limit Signal 3
5/12/2016,3:11:20,5/12/2016,3:11:36,AlarmRateRamp|10384,XH37,AlarmRateRamp|10384XH37,TOLERANCE,N/A,Limit Signal 4
5/12/2016,3:11:26,5/12/2016,3:11:36,AlarmRateRamp|10385,XH38,AlarmRateRamp|10385XH38,I&C ALARM,N/A,Limit Signal 5
5/12/2016,3:11:33,5/12/2016,3:11:36,AlarmRateRamp|10386,XH39,AlarmRateRamp|10386XH39,MANUAL OPERATOR RESPONSE,N/A,Limit Signal 6
5/12/2016,3:11:37,5/12/2016,3:12:12,AlarmRateRamp|10387,XH40,AlarmRateRamp|10387XH40,ALARM,N/A,Limit Signal 1
5/12/2016,3:11:43,5/12/2016,3:12:12,AlarmRateRamp|10388,XH41,AlarmRateRamp|10388XH41,WARNING,N/A,Limit Signal 2
5/12/2016,3:11:49,5/12/2016,3:12:12,AlarmRateRamp|10389,XH42,AlarmRateRamp|10389XH42,WARNING,N/A,Limit Signal 3
5/12/2016,3:11:56,5/12/2016,3:12:12,AlarmRateRamp|10390,XH43,AlarmRateRamp|10390XH43,TOLERANCE,N/A,Limit Signal 4
5/12/2016,3:12:02,5/12/2016,3:12:12,AlarmRateRamp|10391,XH44,AlarmRateRamp|10391XH44,I&C ALARM,N/A,Limit Signal 5
5/12/2016,3:12:08,5/12/2016,3:12:12,AlarmRateRamp|10392,XH45,AlarmRateRamp|10392XH45,MANUAL OPERATOR RESPONSE,N/A,Limit Signal 6
5/12/2016,3:12:13,5/12/2016,3:12:48,AlarmRateRamp|10393,XH46,AlarmRateRamp|10393XH46,ALARM,N/A,Limit Signal 1
5/12/2016,3:12:19,5/12/2016,3:12:48,AlarmRateRamp|10394,XH47,AlarmRateRamp|10394XH47,WARNING,N/A,Limit Signal 2
5/12/2016,3:12:25,5/12/2016,3:12:48,AlarmRateRamp|10395,XH48,AlarmRateRamp|10395XH48,WARNING,N/A,Limit Signal 3
5/12/2016,3:12:32,5/12/2016,3:12:48,AlarmRateRamp|10396,XH49,AlarmRateRamp|10396XH49,TOLERANCE,N/A,Limit Signal 4
5/12/2016,3:12:38,5/12/2016,3:12:48,AlarmRateRamp|10397,XH50,AlarmRateRamp|10397XH50,I&C ALARM,N/A,Limit Signal 5
5/12/2016,3:12:44,5/12/2016,3:12:48,AlarmRateRamp|10398,XH51,AlarmRateRamp|10398XH51,MANUAL OPERATOR RESPONSE,N/A,Limit Signal 6
5/12/2016,3:12:49,5/12/2016,3:13:24,AlarmRateRamp|10399,XH52,AlarmRateRamp|10399XH52,ALARM,N/A,Limit Signal 1
5/12/2016,3:12:55,5/12/2016,3:13:24,AlarmRateRamp|10359,Q1,AlarmRateRamp|10359Q1,WARNING,N/A,Limit Signal 2
5/12/2016,3:13:01,5/12/2016,3:13:24,ASMON10005,XH03,ASMON10005XH03,WARNING,N/A,Limit Signal 3
5/12/2016,3:13:07,5/12/2016,3:13:24,ASMON10003,XA02,ASMON10003XA02,TOLERANCE,N/A,Limit Signal 4
5/12/2016,3:13:14,5/12/2016,3:13:24,ASMON10007,XH52,ASMON10007XH52,I&C ALARM,N/A,Limit Signal 5
5/12/2016,3:13:20,5/12/2016,3:13:24,ASMON10008,XM23,ASMON10008XM23,MANUAL OPERATOR RESPONSE,N/A,Limit Signal 6
5/12/2016,3:13:25,5/12/2016,3:14:00,ASMON10009,XQ01,ASMON10009XQ01,ALARM,N/A,Limit Signal 1
5/12/2016,3:13:31,5/12/2016,3:14:00,ASMON10010,XA00_HW,ASMON10010XA00_HW,WARNING,N/A,Limit Signal 2
5/12/2016,3:13:37,5/12/2016,3:14:00,ASMON10011,XA01,ASMON10011XA01,WARNING,N/A,Limit Signal 3
5/12/2016,3:13:43,5/12/2016,3:14:00,AlarmRateRamp|10356,Q3,AlarmRateRamp|10356Q3,TOLERANCE,N/A,Limit Signal 4
5/12/2016,3:13:50,5/12/2016,3:14:00,ASMON10018,XQ01,ASMON10018XQ01,I&C ALARM,N/A,Limit Signal 5
5/12/2016,3:13:56,5/12/2016,3:14:00,ASMON10019,XA00_HW,ASMON10019XA00_HW,MANUAL OPERATOR RESPONSE,N/A,Limit Signal 6
5/12/2016,3:14:01,5/12/2016,3:14:35,ASMON10020,XA01,ASMON10020XA01,ALARM,N/A,Limit Signal 1
5/12/2016,3:14:07,5/12/2016,3:14:35,ASMON10021,XA02,ASMON10021XA02,WARNING,N/A,Limit Signal 2
5/12/2016,3:14:13,5/12/2016,3:14:35,AlarmRateRamp|10356,XA02,AlarmRateRamp|10356XA02,WARNING,N/A,Limit Signal 3
5/12/2016,3:14:19,5/12/2016,3:14:35,AlarmRateRamp|10356,XH52,AlarmRateRamp|10356XH52,TOLERANCE,N/A,Limit Signal 4
5/12/2016,3:14:25,5/12/2016,3:14:35,AlarmRateRamp|10356,XM23,AlarmRateRamp|10356XM23,I&C ALARM,N/A,Limit Signal 5
5/12/2016,3:14:32,5/12/2016,3:14:35,AlarmRateRamp|10357,XQ01,AlarmRateRamp|10357XQ01,MANUAL OPERATOR RESPONSE,N/A,Limit Signal 6
5/12/2016,3:14:36,5/12/2016,3:15:10,AlarmRateRamp|10358,XA02,AlarmRateRamp|10358XA02,ALARM,N/A,Limit Signal 1
5/12/2016,3:14:42,5/12/2016,3:15:10,AlarmRateRamp|10356,Q3,AlarmRateRamp|10356Q3,WARNING,N/A,Limit Signal 2
5/12/2016,3:14:48,5/12/2016,3:15:10,AlarmRateRamp|10356,Q4,AlarmRateRamp|10356Q4,WARNING,N/A,Limit Signal 3
5/12/2016,3:14:54,5/12/2016,3:15:10,AlarmRateRamp|10356,Q5,AlarmRateRamp|10356Q5,TOLERANCE,N/A,Limit Signal 4
5/12/2016,3:15:00,5/12/2016,3:15:10,AlarmRateRamp|10356,Q6,AlarmRateRamp|10356Q6,I&C ALARM,N/A,Limit Signal 5
5/12/2016,3:15:06,5/12/2016,3:15:10,AlarmRateRamp|10366,Q1,AlarmRateRamp|10366Q1,MANUAL OPERATOR RESPONSE,N/A,Limit Signal 6
5/12/2016,3:15:11,5/12/2016,3:15:45,AlarmRateRamp|10367,Q2,AlarmRateRamp|10367Q2,ALARM,N/A,Limit Signal 1
5/12/2016,3:15:17,5/12/2016,3:15:45,AlarmRateRamp|10368,Q3,AlarmRateRamp|10368Q3,WARNING,N/A,Limit Signal 2
5/12/2016,3:15:23,5/12/2016,3:15:45,AlarmRateRamp|10369,Q4,AlarmRateRamp|10369Q4,WARNING,N/A,Limit Signal 3
5/12/2016,3:15:29,5/12/2016,3:15:45,AlarmRateRamp|10370,Q5,AlarmRateRamp|10370Q5,TOLERANCE,N/A,Limit Signal 4
5/12/2016,3:15:35,5/12/2016,3:15:45,AlarmRateRamp|10371,Q6,AlarmRateRamp|10371Q6,I&C ALARM,N/A,Limit Signal 5
5/12/2016,3:15:41,5/12/2016,3:15:45,AlarmRateRamp|10372,Q1,AlarmRateRamp|10372Q1,MANUAL OPERATOR RESPONSE,N/A,Limit Signal 6
5/12/2016,3:15:46,5/12/2016,3:16:20,AlarmRateRamp|10373,Q2,AlarmRateRamp|10373Q2,ALARM,N/A,Limit Signal 1
5/12/2016,3:15:52,5/12/2016,3:16:20,AlarmRateRamp|10374,Q3,AlarmRateRamp|10374Q3,WARNING,N/A,Limit Signal 2
5/12/2016,3:15:58,5/12/2016,3:16:20,AlarmRateRamp|10375,Q4,AlarmRateRamp|10375Q4,WARNING,N/A,Limit Signal 3
5/12/2016,3:16:04,5/12/2016,3:16:20,AlarmRateRamp|10376,Q5,AlarmRateRamp|10376Q5,TOLERANCE,N/A,Limit Signal 4
5/12/2016,3:16:10,5/12/2016,3:16:20,AlarmRateRamp|10377,Q6,AlarmRateRamp|10377Q6,I&C ALARM,N/A,Limit Signal 5
5/12/2016,3:16:16,5/12/2016,3:16:20,AlarmRateRamp|10378,Q1,AlarmRateRamp|10378Q1,MANUAL OPERATOR RESPONSE,N/A,Limit Signal 6
5/12/2016,3:16:21,5/12/2016,3:16:55,AlarmRateRamp|10379,Q2,AlarmRateRamp|10379Q2,ALARM,N/A,Limit Signal 1
5/12/2016,3:16:27,5/12/2016,3:16:55,AlarmRateRamp|10380,Q3,AlarmRateRamp|10380Q3,WARNING,N/A,Limit Signal 2
5/12/2016,3:16:33,5/12/2016,3:16:55,AlarmRateRamp|10381,Q4,AlarmRateRamp|10381Q4,WARNING,N/A,Limit Signal 3
5/12/2016,3:16:39,5/12/2016,3:16:55,AlarmRateRamp|10382,Q5,AlarmRateRamp|10382Q5,TOLERANCE,N/A,Limit Signal 4
5/12/2016,3:16:45,5/12/2016,3:16:55,AlarmRateRamp|10383,Q6,AlarmRateRamp|10383Q6,I&C ALARM,N/A,Limit Signal 5
5/12/2016,3:16:51,5/12/2016,3:16:55,AlarmRateRamp|10384,Q1,AlarmRateRamp|10384Q1,MANUAL OPERATOR RESPONSE,N/A,Limit Signal 6
5/12/2016,3:16:56,5/12/2016,3:17:30,AlarmRateRamp|10385,Q2,AlarmRateRamp|10385Q2,ALARM,N/A,Limit Signal 1
5/12/2016,3:17:02,5/12/2016,3:17:30,AlarmRateRamp|10386,Q3,AlarmRateRamp|10386Q3,WARNING,N/A,Limit Signal 2
5/12/2016,3:17:08,5/12/2016,3:17:30,AlarmRateRamp|10387,Q4,AlarmRateRamp|10387Q4,WARNING,N/A,Limit Signal 3
5/12/2016,3:17:14,5/12/2016,3:17:30,AlarmRateRamp|10388,Q5,AlarmRateRamp|10388Q5,TOLERANCE,N/A,Limit Signal 4
5/12/2016,3:17:20,5/12/2016,3:17:30,AlarmRateRamp|10389,Q6,AlarmRateRamp|10389Q6,I&C ALARM,N/A,Limit Signal 5
5/12/2016,3:17:26,5/12/2016,3:17:30,AlarmRateRamp|10390,Q1,AlarmRateRamp|10390Q1,MANUAL OPERATOR RESPONSE,N/A,Limit Signal 6
5/12/2016,3:17:31,5/12/2016,3:18:04,AlarmRateRamp|10391,Q2,AlarmRateRamp|10391Q2,ALARM,N/A,Limit Signal 1
5/12/2016,3:17:37,5/12/2016,3:18:04,AlarmRateRamp|10392,Q3,AlarmRateRamp|10392Q3,WARNING,N/A,Limit Signal 2
5/12/2016,3:17:43,5/12/2016,3:18:04,AlarmRateRamp|10393,Q4,AlarmRateRamp|10393Q4,WARNING,N/A,Limit Signal 3
5/12/2016,3:17:49,5/12/2016,3:18:04,AlarmRateRamp|10394,Q5,AlarmRateRamp|10394Q5,TOLERANCE,N/A,Limit Signal 4
5/12/2016,3:17:55,5/12/2016,3:18:04,AlarmRateRamp|10395,Q6,AlarmRateRamp|10395Q6,I&C ALARM,N/A,Limit Signal 5
5/12/2016,3:18:01,5/12/2016,3:18:04,AlarmRateRamp|10396,Q1,AlarmRateRamp|10396Q1,MANUAL OPERATOR RESPONSE,N/A,Limit Signal 6
5/12/2016,3:18:05,5/12/2016,3:18:38,AlarmRateRamp|10397,Q2,AlarmRateRamp|10397Q2,ALARM,N/A,Limit Signal 1
5/12/2016,3:18:11,5/12/2016,3:18:38,AlarmRateRamp|10398,Q3,AlarmRateRamp|10398Q3,WARNING,N/A,Limit Signal 2
5/12/2016,3:18:17,5/12/2016,3:18:38,AlarmRateRamp|10399,Q4,AlarmRateRamp|10399Q4,WARNING,N/A,Limit Signal 3
5/12/2016,3:18:23,5/12/2016,3:18:38,AlarmRateRamp|10400,Q5,AlarmRateRamp|10400Q5,TOLERANCE,N/A,Limit Signal 4
5/12/2016,3:18:29,5/12/2016,3:18:38,AlarmRateRamp|10401,Q6,AlarmRateRamp|10401Q6,I&C ALARM,N/A,Limit Signal 5
5/12/2016,3:18:35,5/12/2016,3:18:38,AlarmRateRamp|10402,Q1,AlarmRateRamp|10402Q1,MANUAL OPERATOR RESPONSE,N/A,Limit Signal 6
5/12/2016,3:18:39,5/12/2016,3:19:12,AlarmRateRamp|10403,Q2,AlarmRateRamp|10403Q2,ALARM,N/A,Limit Signal 1
5/12/2016,3:18:44,5/12/2016,3:19:12,AlarmRateRamp|10404,Q3,AlarmRateRamp|10404Q3,WARNING,N/A,Limit Signal 2
5/12/2016,3:18:50,5/12/2016,3:19:12,AlarmRateRamp|10405,Q4,AlarmRateRamp|10405Q4,WARNING,N/A,Limit Signal 3
5/12/2016,3:18:56,5/12/2016,3:19:12,AlarmRateRamp|10406,Q5,AlarmRateRamp|10406Q5,TOLERANCE,N/A,Limit Signal 4
5/12/2016,3:19:02,5/12/2016,3:19:12,AlarmRateRamp|10407,Q6,AlarmRateRamp|10407Q6,I&C ALARM,N/A,Limit Signal 5
5/12/2016,3:19:08,5/12/2016,3:19:12,AlarmRateRamp|10408,Q1,AlarmRateRamp|10408Q1,MANUAL OPERATOR RESPONSE,N/A,Limit Signal 6
5/12/2016,3:19:13,5/12/2016,3:19:46,AlarmRateRamp|10409,Q2,AlarmRateRamp|10409Q2,ALARM,N/A,Limit Signal 1
5/12/2016,3:19:18,5/12/2016,3:19:46,AlarmRateRamp|10410,Q3,AlarmRateRamp|10410Q3,WARNING,N/A,Limit Signal 2
5/12/2016,3:19:24,5/12/2016,3:19:46,AlarmRateRamp|10411,Q4,AlarmRateRamp|10411Q4,WARNING,N/A,Limit Signal 3
5/12/2016,3:19:30,5/12/2016,3:19:46,AlarmRateRamp|10412,Q5,AlarmRateRamp|10412Q5,TOLERANCE,N/A,Limit Signal 4
5/12/2016,3:19:36,5/12/2016,3:19:46,AlarmRateRamp|10413,Q6,AlarmRateRamp|10413Q6,I&C ALARM,N/A,Limit Signal 5
5/12/2016,3:19:42,5/12/2016,3:19:46,AlarmRateRamp|10414,Q1,AlarmRateRamp|10414Q1,MANUAL OPERATOR RESPONSE,N/A,Limit Signal 6
5/12/2016,3:19:47,5/12/2016,3:20:20,AlarmRateRamp|10415,Q2,AlarmRateRamp|10415Q2,ALARM,N/A,Limit Signal 1
5/12/2016,3:19:52,5/12/2016,3:20:20,AlarmRateRamp|10416,Q3,AlarmRateRamp|10416Q3,WARNING,N/A,Limit Signal 2
5/12/2016,3:19:58,5/12/2016,3:20:20,AlarmRateRamp|10417,Q4,AlarmRateRamp|10417Q4,WARNING,N/A,Limit Signal 3
5/12/2016,3:20:04,5/12/2016,3:20:20,AlarmRateRamp|10418,Q5,AlarmRateRamp|10418Q5,TOLERANCE,N/A,Limit Signal 4
5/12/2016,3:20:10,5/12/2016,3:20:20,AlarmRateRamp|10419,Q6,AlarmRateRamp|10419Q6,I&C ALARM,N/A,Limit Signal 5
5/12/2016,3:20:16,5/12/2016,3:20:20,AlarmRateRamp|10420,Q1,AlarmRateRamp|10420Q1,MANUAL OPERATOR RESPONSE,N/A,Limit Signal 6
5/12/2016,3:20:21,5/12/2016,3:20:54,AlarmRateRamp|10421,Q2,AlarmRateRamp|10421Q2,ALARM,N/A,Limit Signal 1
5/12/2016,3:20:26,5/12/2016,3:20:54,AlarmRateRamp|10422,Q3,AlarmRateRamp|10422Q3,WARNING,N/A,Limit Signal 2
5/12/2016,3:20:32,5/12/2016,3:20:54,AlarmRateRamp|10423,Q4,AlarmRateRamp|10423Q4,WARNING,N/A,Limit Signal 3
5/12/2016,3:20:38,5/12/2016,3:20:54,AlarmRateRamp|10424,Q5,AlarmRateRamp|10424Q5,TOLERANCE,N/A,Limit Signal 4
5/12/2016,3:20:44,5/12/2016,3:20:54,AlarmRateRamp|10425,Q6,AlarmRateRamp|10425Q6,I&C ALARM,N/A,Limit Signal 5
5/12/2016,3:20:50,5/12/2016,3:20:54,AlarmRateRamp|10426,Q1,AlarmRateRamp|10426Q1,MANUAL OPERATOR RESPONSE,N/A,Limit Signal 6
5/12/2016,3:20:55,5/12/2016,3:21:27,AlarmRateRamp|10427,Q2,AlarmRateRamp|10427Q2,ALARM,N/A,Limit Signal 1
5/12/2016,3:21:00,5/12/2016,3:21:27,AlarmRateRamp|10428,Q3,AlarmRateRamp|10428Q3,WARNING,N/A,Limit Signal 2
5/12/2016,3:21:06,5/12/2016,3:21:27,AlarmRateRamp|10429,Q4,AlarmRateRamp|10429Q4,WARNING,N/A,Limit Signal 3
5/12/2016,3:21:12,5/12/2016,3:21:27,AlarmRateRamp|10430,Q5,AlarmRateRamp|10430Q5,TOLERANCE,N/A,Limit Signal 4
5/12/2016,3:21:18,5/12/2016,3:21:27,AlarmRateRamp|10431,Q6,AlarmRateRamp|10431Q6,I&C ALARM,N/A,Limit Signal 5
5/12/2016,3:21:24,5/12/2016,3:21:27,AlarmRateRamp|10432,Q1,AlarmRateRamp|10432Q1,MANUAL OPERATOR RESPONSE,N/A,Limit Signal 6
5/12/2016,3:21:28,5/12/2016,3:22:00,AlarmRateRamp|10433,Q2,AlarmRateRamp|10433Q2,ALARM,N/A,Limit Signal 1
5/12/2016,3:21:33,5/12/2016,3:22:00,AlarmRateRamp|10434,Q3,AlarmRateRamp|10434Q3,WARNING,N/A,Limit Signal 2
5/12/2016,3:21:39,5/12/2016,3:22:00,AlarmRateRamp|10435,Q4,AlarmRateRamp|10435Q4,WARNING,N/A,Limit Signal 3
5/12/2016,3:21:45,5/12/2016,3:22:00,AlarmRateRamp|10436,Q5,AlarmRateRamp|10436Q5,TOLERANCE,N/A,Limit Signal 4
5/12/2016,3:21:51,5/12/2016,3:22:00,AlarmRateRamp|10437,Q6,AlarmRateRamp|10437Q6,I&C ALARM,N/A,Limit Signal 5
5/12/2016,3:21:57,5/12/2016,3:22:00,AlarmRateRamp|10438,Q1,AlarmRateRamp|10438Q1,MANUAL OPERATOR RESPONSE,N/A,Limit Signal 6
5/12/2016,3:22:01,5/12/2016,3:22:33,AlarmRateRamp|10439,Q2,AlarmRateRamp|10439Q2,ALARM,N/A,Limit Signal 1
5/12/2016,3:22:06,5/12/2016,3:22:33,AlarmRateRamp|10440,Q3,AlarmRateRamp|10440Q3,WARNING,N/A,Limit Signal 2
5/12/2016,3:22:12,5/12/2016,3:22:33,AlarmRateRamp|10441,Q4,AlarmRateRamp|10441Q4,WARNING,N/A,Limit Signal 3
5/12/2016,3:22:18,5/12/2016,3:22:33,AlarmRateRamp|10442,Q5,AlarmRateRamp|10442Q5,TOLERANCE,N/A,Limit Signal 4
5/12/2016,3:22:24,5/12/2016,3:22:33,AlarmRateRamp|10443,Q6,AlarmRateRamp|10443Q6,I&C ALARM,N/A,Limit Signal 5
5/12/2016,3:22:29,5/12/2016,3:22:33,AlarmRateRamp|10444,Q1,AlarmRateRamp|10444Q1,MANUAL OPERATOR RESPONSE,N/A,Limit Signal 6
5/12/2016,3:22:34,5/12/2016,3:23:06,AlarmRateRamp|10445,Q2,AlarmRateRamp|10445Q2,ALARM,N/A,Limit Signal 1
5/12/2016,3:22:39,5/12/2016,3:23:06,AlarmRateRamp|10446,Q3,AlarmRateRamp|10446Q3,WARNING,N/A,Limit Signal 2
5/12/2016,3:22:45,5/12/2016,3:23:06,AlarmRateRamp|10447,Q4,AlarmRateRamp|10447Q4,WARNING,N/A,Limit Signal 3
5/12/2016,3:22:51,5/12/2016,3:23:06,AlarmRateRamp|10448,Q5,AlarmRateRamp|10448Q5,TOLERANCE,N/A,Limit Signal 4
5/12/2016,3:22:57,5/12/2016,3:23:06,AlarmRateRamp|10449,Q6,AlarmRateRamp|10449Q6,I&C ALARM,N/A,Limit Signal 5
5/12/2016,3:23:02,5/12/2016,3:23:06,AlarmRateRamp|10450,Q1,AlarmRateRamp|10450Q1,MANUAL OPERATOR RESPONSE,N/A,Limit Signal 6
5/12/2016,3:23:07,5/12/2016,3:23:39,AlarmRateRamp|10451,Q2,AlarmRateRamp|10451Q2,ALARM,N/A,Limit Signal 1
5/12/2016,3:23:12,5/12/2016,3:23:39,AlarmRateRamp|10452,Q3,AlarmRateRamp|10452Q3,WARNING,N/A,Limit Signal 2
5/12/2016,3:23:18,5/12/2016,3:23:39,AlarmRateRamp|10453,Q4,AlarmRateRamp|10453Q4,WARNING,N/A,Limit Signal 3
5/12/2016,3:23:24,5/12/2016,3:23:39,AlarmRateRamp|10454,Q5,AlarmRateRamp|10454Q5,TOLERANCE,N/A,Limit Signal 4
5/12/2016,3:23:29,5/12/2016,3:23:39,AlarmRateRamp|10455,Q6,AlarmRateRamp|10455Q6,I&C ALARM,N/A,Limit Signal 5
5/12/2016,3:23:35,5/12/2016,3:23:39,AlarmRateRamp|10456,Q1,AlarmRateRamp|10456Q1,MANUAL OPERATOR RESPONSE,N/A,Limit Signal 6
5/12/2016,3:23:40,5/12/2016,3:24:12,AlarmRateRamp|10457,Q2,AlarmRateRamp|10457Q2,ALARM,N/A,Limit Signal 1
5/12/2016,3:23:45,5/12/2016,3:24:12,AlarmRateRamp|10458,Q3,AlarmRateRamp|10458Q3,WARNING,N/A,Limit Signal 2
5/12/2016,3:23:51,5/12/2016,3:24:12,AlarmRateRamp|10459,Q4,AlarmRateRamp|10459Q4,WARNING,N/A,Limit Signal 3
5/12/2016,3:23:57,5/12/2016,3:24:12,AlarmRateRamp|10460,Q5,AlarmRateRamp|10460Q5,TOLERANCE,N/A,Limit Signal 4
5/12/2016,3:24:02,5/12/2016,3:24:12,AlarmRateRamp|10461,Q6,AlarmRateRamp|10461Q6,I&C ALARM,N/A,Limit Signal 5
5/12/2016,3:24:08,5/12/2016,3:24:12,AlarmRateRamp|10462,Q1,AlarmRateRamp|10462Q1,MANUAL OPERATOR RESPONSE,N/A,Limit Signal 6
5/12/2016,3:24:13,5/12/2016,3:24:45,AlarmRateRamp|10463,Q2,AlarmRateRamp|10463Q2,ALARM,N/A,Limit Signal 1
5/12/2016,3:24:18,5/12/2016,3:24:45,AlarmRateRamp|10356,Q3,AlarmRateRamp|10356Q3,WARNING,N/A,Limit Signal 2
5/12/2016,3:24:24,5/12/2016,3:24:45,AlarmRateRamp|10356,Q4,AlarmRateRamp|10356Q4,WARNING,N/A,Limit Signal 3
5/12/2016,3:24:30,5/12/2016,3:24:45,AlarmRateRamp|10410,Q5,AlarmRateRamp|10410Q5,TOLERANCE,N/A,Limit Signal 4
5/12/2016,3:24:35,5/12/2016,3:24:45,AlarmRateRamp|10411,Q6,AlarmRateRamp|10411Q6,I&C ALARM,N/A,Limit Signal 5
5/12/2016,3:24:41,5/12/2016,3:24:45,AlarmRateRamp|10412,Q1,AlarmRateRamp|10412Q1,MANUAL OPERATOR RESPONSE,N/A,Limit Signal 6
5/12/2016,3:24:46,5/12/2016,3:25:17,AlarmRateRamp|10413,Q2,AlarmRateRamp|10413Q2,ALARM,N/A,Limit Signal 1
5/12/2016,3:24:51,5/12/2016,3:25:17,AlarmRateRamp|10414,Q3,AlarmRateRamp|10414Q3,WARNING,N/A,Limit Signal 2
5/12/2016,3:24:57,5/12/2016,3:25:17,AlarmRateRamp|10415,Q4,AlarmRateRamp|10415Q4,WARNING,N/A,Limit Signal 3
5/12/2016,3:25:02,5/12/2016,3:25:17,AlarmRateRamp|10416,Q5,AlarmRateRamp|10416Q5,TOLERANCE,N/A,Limit Signal 4
5/12/2016,3:25:08,5/12/2016,3:25:17,AlarmRateRamp|10417,Q6,AlarmRateRamp|10417Q6,I&C ALARM,N/A,Limit Signal 5
5/12/2016,3:25:14,5/12/2016,3:25:17,AlarmRateRamp|10418,Q1,AlarmRateRamp|10418Q1,MANUAL OPERATOR RESPONSE,N/A,Limit Signal 6
5/12/2016,3:25:18,5/12/2016,3:25:49,AlarmRateRamp|10419,Q2,AlarmRateRamp|10419Q2,ALARM,N/A,Limit Signal 1
5/12/2016,3:25:23,5/12/2016,3:25:49,AlarmRateRamp|10420,Q3,AlarmRateRamp|10420Q3,WARNING,N/A,Limit Signal 2
5/12/2016,3:25:29,5/12/2016,3:25:49,AlarmRateRamp|10421,Q4,AlarmRateRamp|10421Q4,WARNING,N/A,Limit Signal 3
5/12/2016,3:25:34,5/12/2016,3:25:49,AlarmRateRamp|10422,Q5,AlarmRateRamp|10422Q5,TOLERANCE,N/A,Limit Signal 4
5/12/2016,3:25:40,5/12/2016,3:25:49,AlarmRateRamp|10423,Q6,AlarmRateRamp|10423Q6,I&C ALARM,N/A,Limit Signal 5
5/12/2016,3:25:46,5/12/2016,3:25:49,AlarmRateRamp|10424,Q1,AlarmRateRamp|10424Q1,MANUAL OPERATOR RESPONSE,N/A,Limit Signal 6
5/12/2016,3:25:50,5/12/2016,3:26:21,AlarmRateRamp|10425,Q2,AlarmRateRamp|10425Q2,ALARM,N/A,Limit Signal 1
5/12/2016,3:25:55,5/12/2016,3:26:21,AlarmRateRamp|10426,Q3,AlarmRateRamp|10426Q3,WARNING,N/A,Limit Signal 2
5/12/2016,3:26:01,5/12/2016,3:26:21,AlarmRateRamp|10427,Q4,AlarmRateRamp|10427Q4,WARNING,N/A,Limit Signal 3
5/12/2016,3:26:06,5/12/2016,3:26:21,AlarmRateRamp|10428,Q5,AlarmRateRamp|10428Q5,TOLERANCE,N/A,Limit Signal 4
5/12/2016,3:26:12,5/12/2016,3:26:21,AlarmRateRamp|10429,Q6,AlarmRateRamp|10429Q6,I&C ALARM,N/A,Limit Signal 5
5/12/2016,3:26:18,5/12/2016,3:26:21,AlarmRateRamp|10430,Q1,AlarmRateRamp|10430Q1,MANUAL OPERATOR RESPONSE,N/A,Limit Signal 6
